"STATION_NUMBER","yday","p10","p25","p50","p75","p90","n"
"08NN003",1,0.934,1.13,1.42,2.025,3.01,328
"08NN003",2,0.961,1.14,1.43,2.025,3.003,328
"08NN003",3,0.975,1.137,1.455,2.13,3.003,328
"08NN003",4,0.975,1.13,1.455,2.405,3.01,328
"08NN003",5,0.971,1.13,1.455,2.42,3.01,328
"08NN003",6,0.957,1.13,1.47,2.42,3.013,328
"08NN003",7,0.937,1.13,1.47,2.423,3.023,328
"08NN003",8,0.924,1.13,1.47,2.42,3.026,345
"08NN003",9,0.908,1.13,1.47,2.42,3.026,345
"08NN003",10,0.889,1.13,1.47,2.42,3.026,345
"08NN003",11,0.889,1.13,1.48,2.42,3.026,345
"08NN003",12,0.9,1.13,1.48,2.42,3.026,345
"08NN003",13,0.906,1.13,1.52,2.43,3.026,345
"08NN003",14,0.917,1.13,1.53,2.43,3.026,345
"08NN003",15,0.922,1.13,1.53,2.43,3.03,345
"08NN003",16,0.932,1.13,1.53,2.43,3.036,345
"08NN003",17,0.941,1.13,1.53,2.43,3.04,345
"08NN003",18,0.949,1.13,1.54,2.43,3.04,345
"08NN003",19,0.972,1.13,1.55,2.43,3.09,345
"08NN003",20,0.985,1.13,1.55,2.45,3.096,345
"08NN003",21,0.99,1.13,1.57,2.5,3.1,345
"08NN003",22,0.991,1.13,1.57,2.52,3.106,345
"08NN003",23,0.991,1.13,1.57,2.54,3.116,345
"08NN003",24,0.991,1.13,1.58,2.55,3.116,345
"08NN003",25,0.991,1.13,1.57,2.55,3.21,345
"08NN003",26,0.991,1.13,1.56,2.55,3.354,345
"08NN003",27,0.991,1.13,1.55,2.55,3.488,345
"08NN003",28,0.991,1.13,1.54,2.55,3.528,345
"08NN003",29,0.991,1.13,1.54,2.55,3.528,345
"08NN003",30,0.991,1.13,1.55,2.55,3.54,345
"08NN003",31,0.991,1.13,1.555,2.55,3.547,344
"08NN003",32,0.991,1.135,1.55,2.55,3.574,343
"08NN003",33,0.991,1.132,1.56,2.547,3.589,342
"08NN003",34,0.991,1.13,1.56,2.54,3.59,341
"08NN003",35,0.991,1.137,1.56,2.502,3.591,340
"08NN003",36,0.991,1.135,1.56,2.49,3.602,339
"08NN003",37,0.991,1.132,1.56,2.49,3.603,338
"08NN003",38,0.991,1.13,1.56,2.49,3.604,337
"08NN003",39,0.991,1.13,1.56,2.453,3.595,336
"08NN003",40,0.991,1.135,1.56,2.445,3.59,335
"08NN003",41,0.991,1.132,1.56,2.44,3.564,334
"08NN003",42,0.991,1.13,1.56,2.44,3.586,333
"08NN003",43,0.991,1.13,1.56,2.44,3.59,332
"08NN003",44,0.991,1.13,1.56,2.43,3.6,331
"08NN003",45,0.991,1.13,1.565,2.408,3.601,330
"08NN003",46,0.991,1.13,1.58,2.425,3.61,330
"08NN003",47,0.991,1.13,1.57,2.435,3.62,331
"08NN003",48,0.991,1.13,1.57,2.55,4.328,332
"08NN003",49,0.991,1.13,1.59,2.55,4.36,333
"08NN003",50,0.99,1.13,1.595,2.55,4.438,334
"08NN003",51,0.98,1.13,1.595,2.55,4.45,336
"08NN003",52,0.963,1.13,1.6,2.55,4.459,338
"08NN003",53,0.949,1.13,1.61,2.55,4.562,340
"08NN003",54,0.951,1.13,1.625,2.557,4.679,342
"08NN003",55,0.946,1.127,1.645,2.575,4.731,344
"08NN003",56,0.944,1.123,1.645,2.62,4.95,346
"08NN003",57,0.942,1.118,1.675,2.703,5.1,348
"08NN003",58,0.94,1.12,1.72,2.71,5.165,350
"08NN003",59,0.936,1.12,1.725,2.723,5.237,352
"08NN003",60,0.918,1.13,1.75,2.75,5.338,354
"08NN003",61,0.913,1.13,1.825,2.797,5.55,356
"08NN003",62,0.913,1.13,1.84,2.82,5.66,357
"08NN003",63,0.922,1.13,1.84,2.827,5.66,358
"08NN003",64,0.943,1.13,1.89,2.855,5.66,359
"08NN003",65,0.95,1.195,1.915,2.913,5.66,360
"08NN003",66,0.959,1.22,1.93,2.97,5.66,360
"08NN003",67,0.965,1.22,1.93,3,5.66,361
"08NN003",68,0.97,1.22,1.95,3.04,6.09,361
"08NN003",69,0.976,1.22,2.01,3.08,6.353,362
"08NN003",70,0.977,1.22,2.05,3.21,6.846,363
"08NN003",71,0.982,1.22,2.13,3.355,7.34,363
"08NN003",72,0.99,1.265,2.27,3.525,8.182,363
"08NN003",73,0.991,1.365,2.31,3.655,8.996,363
"08NN003",74,0.991,1.46,2.39,3.885,9.796,363
"08NN003",75,0.991,1.525,2.41,4.02,10.26,363
"08NN003",76,0.991,1.557,2.585,4.142,10.5,364
"08NN003",77,1.053,1.578,2.705,4.325,11.27,364
"08NN003",78,1.1,1.598,2.795,4.633,11.44,364
"08NN003",79,1.138,1.61,2.91,5.03,12.32,365
"08NN003",80,1.22,1.635,2.97,6.085,13.04,367
"08NN003",81,1.22,1.7,3.04,6.818,14.21,370
"08NN003",82,1.34,1.738,3.2,7.03,15.15,376
"08NN003",83,1.42,1.76,3.53,7.78,16.16,385
"08NN003",84,1.45,1.84,3.62,8.93,18.7,411
"08NN003",85,1.463,1.84,3.97,10.2,19.61,444
"08NN003",86,1.5,2.02,4.42,11.075,20.06,478
"08NN003",87,1.53,2.27,4.855,12.15,20.89,512
"08NN003",88,1.53,2.502,5.855,14.4,21.95,546
"08NN003",89,1.53,2.715,6.63,16.025,24.4,580
"08NN003",90,1.596,2.953,7.085,16.9,25.7,614
"08NN003",91,1.726,3.17,7.55,18.3,29.54,647
"08NN003",92,1.77,3.37,8.55,19,31.3,681
"08NN003",93,1.84,3.54,9.49,19.75,33.64,715
"08NN003",94,1.98,3.69,9.91,20.7,36.21,748
"08NN003",95,2.04,4.237,10.65,21.3,37.69,780
"08NN003",96,2.21,4.67,11.5,22.75,40.5,811
"08NN003",97,2.284,5.133,12.9,24.55,41.93,838
"08NN003",98,2.416,5.54,14.2,25.75,42.86,863
"08NN003",99,2.55,6.318,14.9,27.6,44.01,870
"08NN003",100,2.932,6.962,16.3,28.8,45.7,870
"08NN003",101,3.136,7.925,17.3,30.8,47.41,870
"08NN003",102,3.459,8.565,19,32.175,49.03,870
"08NN003",103,3.978,9.34,20.65,34.075,51.51,870
"08NN003",104,4.616,9.91,22.35,36.825,54.01,870
"08NN003",105,5.081,10.6,23.65,39.2,57.7,870
"08NN003",106,5.41,11.4,25.2,40.9,62.05,870
"08NN003",107,6.19,12.3,26.4,43.15,65.25,870
"08NN003",108,7.26,13,27.6,45.15,67.51,870
"08NN003",109,8.01,14.4,28.7,47.85,69.72,870
"08NN003",110,8.218,15.325,30.85,50.85,72.3,870
"08NN003",111,8.813,17.15,32.3,52.15,73.92,870
"08NN003",112,9.34,18.625,34.15,53.8,75.73,870
"08NN003",113,10.29,21,36.7,55.2,80.48,870
"08NN003",114,10.5,22.9,38.3,57.3,84.14,870
"08NN003",115,11.1,24.025,39.85,59.975,86.44,870
"08NN003",116,11.79,25.4,41.4,61.875,88.14,870
"08NN003",117,12.88,27,43.7,63.475,89.06,870
"08NN003",118,14.38,28.75,45.45,65.5,90.42,870
"08NN003",119,15.5,30.225,46.95,67.35,91.45,870
"08NN003",120,18.1,31.4,48.3,69.1,93.71,870
"08NN003",121,20.54,32.725,49.25,69.575,95.03,870
"08NN003",122,22.6,33.75,50.2,69.8,95.33,870
"08NN003",123,23.5,34.2,50.8,69.8,96.1,870
"08NN003",124,25.19,35,51.2,69.9,97.11,870
"08NN003",125,27,36.025,51.65,70.1,98.1,870
"08NN003",126,27.97,37.2,52.3,70.75,98.72,870
"08NN003",127,28.89,37.725,52.65,71.9,98.72,870
"08NN003",128,29.58,38.2,52.8,72.675,100,870
"08NN003",129,30,38.525,53.6,73.675,102,870
"08NN003",130,30.5,39.225,54.2,74,102.1,870
"08NN003",131,31.1,39.6,54.3,75.575,103,870
"08NN003",132,31.4,39.625,54.45,76.575,103,870
"08NN003",133,32,39.825,54.45,77.8,103,870
"08NN003",134,32.27,39.9,54.3,78.65,104,870
"08NN003",135,31.39,39.9,54.5,78.7,105.1,870
"08NN003",136,31.1,40.1,55.45,79.4,106,870
"08NN003",137,31.1,40.125,56.55,80.85,106,870
"08NN003",138,31.1,40.125,56.6,81.35,107,870
"08NN003",139,31.1,40.3,56.85,81.9,106.1,870
"08NN003",140,30.89,40.225,57.25,82.075,106,870
"08NN003",141,30.6,40.15,57.55,82.6,106,870
"08NN003",142,30.48,39.925,57.75,82.325,106,870
"08NN003",143,30.09,39.625,57.5,82,106,870
"08NN003",144,29.7,38.8,57.2,81.35,105.1,870
"08NN003",145,29.3,38.125,56.65,79.4,105.1,870
"08NN003",146,28.69,37.1,55.45,78.7,105.1,870
"08NN003",147,28,35.7,54.45,77.75,105,870
"08NN003",148,27.49,35.325,53.85,75.7,104,870
"08NN003",149,27,34.825,52.6,74.975,103,870
"08NN003",150,26.38,34.425,50.65,73.725,101,870
"08NN003",151,25.6,33.8,48.85,70.9,99.72,870
"08NN003",152,24.9,33.125,47.7,70.1,97.83,870
"08NN003",153,24.29,32.6,46.4,67.625,94.21,870
"08NN003",154,23.79,31.8,45.3,64.825,91.85,870
"08NN003",155,23.08,30.925,44,63.075,89.93,870
"08NN003",156,22.58,29.75,42.7,61.275,86.12,870
"08NN003",157,21.18,29.125,40.95,58.675,82.61,870
"08NN003",158,20.39,28.625,39.9,56.575,81.26,870
"08NN003",159,19.58,28,39.1,55.175,78.43,870
"08NN003",160,18.8,27.225,38.4,53.875,75.91,870
"08NN003",161,18.19,26.1,37.6,52.8,74.94,870
"08NN003",162,17.3,25.4,37,51.15,72.61,870
"08NN003",163,16.2,24.225,36,50.375,71.41,870
"08NN003",164,15.4,22.825,35.1,49.3,68.22,870
"08NN003",165,14.8,21.7,34,47.575,66.22,870
"08NN003",166,13.4,20.9,32.9,46.85,64.24,870
"08NN003",167,12.5,19.9,31.65,45.875,62.5,870
"08NN003",168,11.89,19.3,29.9,44.875,61.52,870
"08NN003",169,11.19,18.525,29.05,43.975,61.1,870
"08NN003",170,10.59,17.9,28,43.5,59.22,870
"08NN003",171,9.772,16.8,26.95,42.25,58.23,870
"08NN003",172,9.17,16.1,25.8,40.75,55.34,870
"08NN003",173,8.778,15.4,24.9,38.775,53.8,870
"08NN003",174,8.269,14.425,23.9,37.975,52.12,870
"08NN003",175,7.699,13.525,22.9,36.55,50.14,870
"08NN003",176,7.089,12.625,22.05,35.2,47.21,870
"08NN003",177,6.812,12.1,20.9,34,46.02,870
"08NN003",178,6.246,11.4,19.9,32,44.6,870
"08NN003",179,5.89,10.825,19.15,31,43.11,870
"08NN003",180,5.663,10.2,18,29.45,42.43,870
"08NN003",181,5.398,9.723,16.8,28.6,40.23,870
"08NN003",182,5.17,9.3,15.8,27.6,39.11,870
"08NN003",183,5.1,8.78,14.85,26.075,38,870
"08NN003",184,4.718,8.425,14.2,25.2,36.22,870
"08NN003",185,4.636,7.915,13.5,24.1,34.91,870
"08NN003",186,4.546,7.578,12.75,23.4,34.31,870
"08NN003",187,4.426,7.005,12.25,21.7,33.41,870
"08NN003",188,4.25,6.598,11.4,19.9,31.43,870
"08NN003",189,4.178,6.33,10.8,18.1,30.32,870
"08NN003",190,3.949,5.928,10.2,17.4,28.71,870
"08NN003",191,3.706,5.56,9.705,16.5,27.51,870
"08NN003",192,3.499,5.173,9.2,15.75,26.12,870
"08NN003",193,3.287,5.002,8.685,14.7,25.01,870
"08NN003",194,3.075,4.68,8.28,14.2,23.8,870
"08NN003",195,2.87,4.46,7.72,13.4,23.4,870
"08NN003",196,2.687,4.25,7.31,12.7,22.5,870
"08NN003",197,2.46,3.988,6.745,12.275,21.51,870
"08NN003",198,2.315,3.68,6.355,11.475,20.22,870
"08NN003",199,2.149,3.59,5.98,10.8,19.1,870
"08NN003",200,2.01,3.35,5.545,10.175,18.11,870
"08NN003",201,1.939,3.155,5.25,9.678,17.4,870
"08NN003",202,1.887,2.958,4.93,8.94,16.5,870
"08NN003",203,1.8,2.797,4.67,8.64,16.21,870
"08NN003",204,1.709,2.638,4.34,8.21,15.61,870
"08NN003",205,1.629,2.475,4.135,7.645,15,870
"08NN003",206,1.57,2.332,3.86,7.31,14.21,870
"08NN003",207,1.509,2.19,3.68,6.712,13.42,870
"08NN003",208,1.44,2.1,3.5,6.365,12.81,870
"08NN003",209,1.38,1.98,3.36,5.997,12.1,870
"08NN003",210,1.31,1.91,3.165,5.788,11.6,870
"08NN003",211,1.269,1.84,3.03,5.54,10.8,870
"08NN003",212,1.219,1.76,2.87,5.31,10.3,870
"08NN003",213,1.159,1.68,2.78,5.1,9.774,870
"08NN003",214,1.1,1.61,2.66,4.78,9.182,870
"08NN003",215,1.05,1.56,2.535,4.55,8.64,870
"08NN003",216,1.01,1.483,2.375,4.308,8.16,870
"08NN003",217,0.964,1.43,2.27,4.05,7.709,870
"08NN003",218,0.943,1.38,2.23,3.968,7.395,870
"08NN003",219,0.915,1.32,2.125,3.835,7.224,870
"08NN003",220,0.902,1.29,2.045,3.678,7.16,870
"08NN003",221,0.884,1.25,1.98,3.527,7.014,870
"08NN003",222,0.86,1.213,1.98,3.398,6.922,870
"08NN003",223,0.85,1.17,1.91,3.322,6.71,870
"08NN003",224,0.846,1.142,1.84,3.193,6.321,870
"08NN003",225,0.825,1.132,1.79,3.128,5.905,870
"08NN003",226,0.819,1.103,1.73,3.1,5.8,870
"08NN003",227,0.802,1.08,1.7,2.99,5.791,870
"08NN003",228,0.781,1.06,1.635,2.87,5.66,870
"08NN003",229,0.779,1.05,1.59,2.78,5.66,870
"08NN003",230,0.763,1.05,1.565,2.748,5.429,870
"08NN003",231,0.76,1.042,1.56,2.72,5.322,870
"08NN003",232,0.756,1.03,1.56,2.678,5.019,870
"08NN003",233,0.745,1.03,1.525,2.65,4.87,870
"08NN003",234,0.72,1.03,1.48,2.55,4.773,870
"08NN003",235,0.711,1.012,1.46,2.55,4.537,870
"08NN003",236,0.701,0.999,1.43,2.55,4.31,870
"08NN003",237,0.676,0.991,1.42,2.54,4.273,870
"08NN003",238,0.663,0.991,1.42,2.51,4.25,870
"08NN003",239,0.662,0.988,1.4,2.49,4.11,870
"08NN003",240,0.66,0.982,1.4,2.47,3.973,870
"08NN003",241,0.654,0.975,1.4,2.455,3.911,870
"08NN003",242,0.652,0.968,1.4,2.44,3.901,870
"08NN003",243,0.652,0.963,1.4,2.435,3.828,870
"08NN003",244,0.644,0.95,1.4,2.47,3.788,869
"08NN003",245,0.638,0.937,1.4,2.47,3.794,869
"08NN003",246,0.623,0.922,1.39,2.47,3.773,868
"08NN003",247,0.615,0.912,1.39,2.47,3.75,867
"08NN003",248,0.604,0.91,1.39,2.47,3.76,866
"08NN003",249,0.6,0.89,1.38,2.49,3.776,865
"08NN003",250,0.594,0.884,1.38,2.47,3.764,864
"08NN003",251,0.588,0.867,1.38,2.455,3.766,863
"08NN003",252,0.588,0.861,1.38,2.418,3.846,862
"08NN003",253,0.592,0.848,1.38,2.47,3.91,861
"08NN003",254,0.588,0.843,1.36,2.52,3.951,860
"08NN003",255,0.588,0.84,1.35,2.545,4.048,859
"08NN003",256,0.593,0.837,1.345,2.55,4.325,858
"08NN003",257,0.598,0.836,1.33,2.55,4.554,857
"08NN003",258,0.604,0.828,1.32,2.617,4.65,856
"08NN003",259,0.616,0.826,1.32,2.565,4.695,856
"08NN003",260,0.624,0.836,1.3,2.625,4.796,855
"08NN003",261,0.624,0.838,1.29,2.67,4.848,855
"08NN003",262,0.631,0.839,1.29,2.69,4.98,855
"08NN003",263,0.633,0.847,1.29,2.77,5.112,855
"08NN003",264,0.636,0.858,1.29,2.785,5.27,855
"08NN003",265,0.643,0.88,1.28,2.805,5.32,855
"08NN003",266,0.653,0.903,1.29,2.82,5.386,855
"08NN003",267,0.662,0.91,1.29,2.815,5.389,832
"08NN003",268,0.677,0.913,1.285,2.738,5.358,802
"08NN003",269,0.684,0.914,1.29,2.69,5.24,771
"08NN003",270,0.691,0.914,1.29,2.595,5.104,739
"08NN003",271,0.698,0.911,1.295,2.55,5.005,706
"08NN003",272,0.699,0.91,1.3,2.52,4.908,673
"08NN003",273,0.698,0.905,1.315,2.473,4.891,640
"08NN003",274,0.698,0.893,1.32,2.345,4.89,607
"08NN003",275,0.7,0.889,1.315,2.27,4.89,574
"08NN003",276,0.703,0.888,1.3,2.27,4.8,541
"08NN003",277,0.702,0.889,1.29,2.27,4.602,508
"08NN003",278,0.704,0.888,1.28,2.25,4.41,475
"08NN003",279,0.718,0.884,1.275,2.067,4.331,442
"08NN003",280,0.728,0.877,1.28,1.9,4.046,409
"08NN003",281,0.736,0.87,1.285,1.8,3.52,376
"08NN003",282,0.741,0.87,1.285,1.745,3.325,366
"08NN003",283,0.747,0.87,1.32,1.725,3.29,363
"08NN003",284,0.761,0.877,1.35,1.75,3.3,361
"08NN003",285,0.77,0.884,1.37,1.762,3.305,360
"08NN003",286,0.779,0.889,1.39,1.802,3.305,360
"08NN003",287,0.782,0.898,1.4,1.885,3.417,360
"08NN003",288,0.792,0.912,1.42,1.943,4.02,360
"08NN003",289,0.795,0.946,1.43,1.97,4.02,360
"08NN003",290,0.8,0.984,1.47,1.995,4.11,360
"08NN003",291,0.817,1.03,1.47,2.032,4.11,360
"08NN003",292,0.836,1.065,1.47,2.09,4.11,360
"08NN003",293,0.868,1.108,1.47,2.097,4.11,360
"08NN003",294,0.878,1.137,1.47,2.282,4.11,360
"08NN003",295,0.9,1.165,1.495,2.327,4.124,360
"08NN003",296,0.91,1.19,1.515,2.415,4.124,360
"08NN003",297,0.928,1.21,1.53,2.388,4.11,360
"08NN003",298,0.956,1.22,1.53,2.403,4.11,360
"08NN003",299,0.991,1.23,1.56,2.43,4.118,360
"08NN003",300,1.009,1.24,1.64,2.475,4.381,360
"08NN003",301,1.02,1.257,1.7,2.555,4.442,360
"08NN003",302,1.029,1.27,1.735,2.592,4.685,360
"08NN003",303,1.029,1.27,1.84,2.612,4.812,360
"08NN003",304,1.02,1.277,1.89,2.718,4.834,360
"08NN003",305,1.02,1.3,1.92,2.797,4.834,360
"08NN003",306,1.02,1.35,1.945,2.822,4.834,360
"08NN003",307,1.02,1.358,1.975,2.83,4.834,360
"08NN003",308,1.04,1.395,1.98,2.83,4.812,360
"08NN003",309,1.059,1.427,1.985,2.83,4.736,360
"08NN003",310,1.059,1.46,2.025,2.83,4.691,360
"08NN003",311,1.06,1.47,2.04,2.83,4.794,360
"08NN003",312,1.059,1.47,2.05,2.832,4.794,360
"08NN003",313,1.049,1.478,2.05,2.842,4.574,360
"08NN003",314,1.038,1.488,2.04,2.842,4.487,360
"08NN003",315,1.02,1.498,2.04,2.83,4.212,360
"08NN003",316,0.999,1.478,2.05,2.83,4.173,360
"08NN003",317,1.009,1.45,2.05,2.83,4.111,360
"08NN003",318,1.019,1.445,2.02,2.835,4.11,360
"08NN003",319,1.019,1.42,2.015,2.83,4.001,360
"08NN003",320,1.01,1.42,2,2.83,3.962,360
"08NN003",321,1.009,1.42,1.98,2.83,3.96,360
"08NN003",322,1,1.41,1.98,2.835,3.96,360
"08NN003",323,0.993,1.4,1.98,2.83,3.96,360
"08NN003",324,0.99,1.363,1.98,2.83,3.962,360
"08NN003",325,0.99,1.34,1.98,2.83,3.96,360
"08NN003",326,0.984,1.29,1.98,2.83,3.96,360
"08NN003",327,0.98,1.257,1.97,2.83,3.981,360
"08NN003",328,0.979,1.248,1.96,2.822,4.012,360
"08NN003",329,0.97,1.238,1.935,2.822,4.038,360
"08NN003",330,0.969,1.23,1.88,2.76,4.119,360
"08NN003",331,0.948,1.228,1.835,2.72,4.204,360
"08NN003",332,0.917,1.2,1.785,2.72,4.204,360
"08NN003",333,0.908,1.19,1.75,2.673,4.204,360
"08NN003",334,0.908,1.198,1.745,2.673,4.047,360
"08NN003",335,0.908,1.228,1.73,2.67,4.012,360
"08NN003",336,0.908,1.23,1.7,2.66,3.921,360
"08NN003",337,0.908,1.257,1.68,2.653,3.794,360
"08NN003",338,0.904,1.27,1.655,2.65,3.763,360
"08NN003",339,0.899,1.27,1.64,2.643,3.712,360
"08NN003",340,0.899,1.27,1.615,2.643,3.682,360
"08NN003",341,0.894,1.27,1.545,2.64,3.631,360
"08NN003",342,0.893,1.27,1.53,2.615,3.584,359
"08NN003",343,0.932,1.27,1.535,2.587,3.502,358
"08NN003",344,0.955,1.27,1.51,2.58,3.436,357
"08NN003",345,0.996,1.27,1.51,2.557,3.395,356
"08NN003",346,1.054,1.27,1.53,2.55,3.312,355
"08NN003",347,1.073,1.27,1.535,2.483,3.214,354
"08NN003",348,1.07,1.27,1.53,2.43,3.216,353
"08NN003",349,1.052,1.267,1.505,2.423,3.292,352
"08NN003",350,1.05,1.25,1.5,2.405,3.3,351
"08NN003",351,0.952,1.233,1.48,2.38,3.3,350
"08NN003",352,0.919,1.23,1.45,2.34,3.31,349
"08NN003",353,0.897,1.22,1.435,2.297,3.315,348
"08NN003",354,0.888,1.215,1.42,2.27,3.3,347
"08NN003",355,0.894,1.2,1.42,2.238,3.295,346
"08NN003",356,0.899,1.19,1.42,2.2,3.208,345
"08NN003",357,0.902,1.19,1.42,2.18,3.19,345
"08NN003",358,0.906,1.19,1.42,2.1,3.19,345
"08NN003",359,0.906,1.177,1.42,2.092,3.199,328
"08NN003",360,0.911,1.17,1.42,2.082,3.199,328
"08NN003",361,0.916,1.157,1.42,2.082,3.176,328
"08NN003",362,0.916,1.14,1.42,2.082,3.176,328
"08NN003",363,0.916,1.137,1.42,2.052,3.1,328
"08NN003",364,0.922,1.13,1.42,2.025,3.053,328
"08NN003",365,0.925,1.13,1.42,2.025,3.033,328
"08NN003",366,0.927,1.13,1.42,2.025,3.013,328
"08NN015",1,0.19,0.263,0.37,0.538,0.827,862
"08NN015",2,0.19,0.255,0.367,0.534,0.804,861
"08NN015",3,0.19,0.25,0.362,0.53,0.8,860
"08NN015",4,0.189,0.246,0.361,0.524,0.794,859
"08NN015",5,0.188,0.242,0.36,0.52,0.766,858
"08NN015",6,0.187,0.241,0.354,0.51,0.745,857
"08NN015",7,0.187,0.241,0.351,0.507,0.731,856
"08NN015",8,0.187,0.239,0.35,0.503,0.71,900
"08NN015",9,0.187,0.238,0.348,0.497,0.7,900
"08NN015",10,0.187,0.238,0.345,0.494,0.695,900
"08NN015",11,0.187,0.238,0.345,0.489,0.681,900
"08NN015",12,0.187,0.238,0.345,0.484,0.68,900
"08NN015",13,0.187,0.238,0.345,0.479,0.68,900
"08NN015",14,0.187,0.235,0.345,0.476,0.68,900
"08NN015",15,0.187,0.235,0.345,0.474,0.67,900
"08NN015",16,0.187,0.235,0.344,0.47,0.666,900
"08NN015",17,0.187,0.235,0.344,0.47,0.665,900
"08NN015",18,0.186,0.234,0.343,0.467,0.661,900
"08NN015",19,0.185,0.234,0.342,0.463,0.66,900
"08NN015",20,0.184,0.234,0.339,0.461,0.658,900
"08NN015",21,0.184,0.232,0.333,0.463,0.656,900
"08NN015",22,0.184,0.231,0.326,0.461,0.655,900
"08NN015",23,0.182,0.231,0.32,0.459,0.651,900
"08NN015",24,0.181,0.23,0.316,0.456,0.648,900
"08NN015",25,0.181,0.229,0.312,0.453,0.647,900
"08NN015",26,0.18,0.228,0.31,0.454,0.647,900
"08NN015",27,0.176,0.226,0.309,0.455,0.64,900
"08NN015",28,0.176,0.224,0.308,0.455,0.637,900
"08NN015",29,0.175,0.224,0.304,0.455,0.62,900
"08NN015",30,0.173,0.223,0.3,0.448,0.61,900
"08NN015",31,0.173,0.223,0.297,0.445,0.595,900
"08NN015",32,0.173,0.222,0.297,0.448,0.586,900
"08NN015",33,0.174,0.222,0.296,0.448,0.578,900
"08NN015",34,0.175,0.222,0.294,0.45,0.571,900
"08NN015",35,0.176,0.222,0.294,0.453,0.561,900
"08NN015",36,0.176,0.222,0.294,0.454,0.561,900
"08NN015",37,0.178,0.222,0.294,0.454,0.561,900
"08NN015",38,0.178,0.223,0.294,0.455,0.561,900
"08NN015",39,0.18,0.223,0.294,0.455,0.56,900
"08NN015",40,0.182,0.223,0.294,0.455,0.56,900
"08NN015",41,0.184,0.224,0.294,0.454,0.56,900
"08NN015",42,0.187,0.224,0.292,0.453,0.56,900
"08NN015",43,0.19,0.224,0.292,0.453,0.56,900
"08NN015",44,0.19,0.224,0.292,0.453,0.56,900
"08NN015",45,0.19,0.224,0.292,0.453,0.56,900
"08NN015",46,0.187,0.224,0.291,0.454,0.565,900
"08NN015",47,0.187,0.224,0.291,0.455,0.572,900
"08NN015",48,0.185,0.223,0.291,0.458,0.586,900
"08NN015",49,0.183,0.222,0.291,0.457,0.59,900
"08NN015",50,0.18,0.222,0.292,0.453,0.597,900
"08NN015",51,0.178,0.221,0.291,0.45,0.597,900
"08NN015",52,0.174,0.221,0.29,0.449,0.586,900
"08NN015",53,0.172,0.221,0.29,0.447,0.58,900
"08NN015",54,0.17,0.221,0.29,0.447,0.58,900
"08NN015",55,0.167,0.22,0.29,0.447,0.58,900
"08NN015",56,0.165,0.22,0.291,0.448,0.582,900
"08NN015",57,0.165,0.219,0.292,0.449,0.586,900
"08NN015",58,0.164,0.22,0.292,0.449,0.586,900
"08NN015",59,0.164,0.221,0.293,0.449,0.59,900
"08NN015",60,0.164,0.221,0.294,0.449,0.6,900
"08NN015",61,0.164,0.221,0.296,0.45,0.609,900
"08NN015",62,0.166,0.221,0.296,0.455,0.61,900
"08NN015",63,0.169,0.221,0.298,0.46,0.62,900
"08NN015",64,0.172,0.222,0.3,0.465,0.63,900
"08NN015",65,0.174,0.223,0.302,0.485,0.655,900
"08NN015",66,0.176,0.224,0.306,0.489,0.695,900
"08NN015",67,0.178,0.225,0.311,0.495,0.741,900
"08NN015",68,0.181,0.226,0.317,0.5,0.765,900
"08NN015",69,0.182,0.227,0.319,0.504,0.788,900
"08NN015",70,0.184,0.228,0.324,0.511,0.823,900
"08NN015",71,0.185,0.232,0.328,0.525,0.852,900
"08NN015",72,0.186,0.234,0.331,0.552,0.94,900
"08NN015",73,0.189,0.236,0.335,0.574,1.001,900
"08NN015",74,0.19,0.238,0.34,0.591,1.071,900
"08NN015",75,0.19,0.241,0.344,0.62,1.131,900
"08NN015",76,0.191,0.244,0.359,0.639,1.161,900
"08NN015",77,0.193,0.246,0.376,0.66,1.181,900
"08NN015",78,0.195,0.257,0.396,0.682,1.22,900
"08NN015",79,0.197,0.262,0.405,0.705,1.24,900
"08NN015",80,0.198,0.266,0.415,0.728,1.25,900
"08NN015",81,0.204,0.271,0.432,0.77,1.26,900
"08NN015",82,0.21,0.276,0.453,0.8,1.261,900
"08NN015",83,0.212,0.28,0.467,0.844,1.271,900
"08NN015",84,0.212,0.288,0.486,0.9,1.3,900
"08NN015",85,0.216,0.293,0.501,0.947,1.331,900
"08NN015",86,0.22,0.297,0.51,0.981,1.371,900
"08NN015",87,0.224,0.3,0.524,1.03,1.431,900
"08NN015",88,0.227,0.303,0.549,1.08,1.53,900
"08NN015",89,0.233,0.311,0.572,1.13,1.68,900
"08NN015",90,0.238,0.329,0.623,1.152,1.781,900
"08NN015",91,0.241,0.348,0.66,1.19,1.99,900
"08NN015",92,0.246,0.382,0.691,1.24,2.14,900
"08NN015",93,0.251,0.4,0.74,1.312,2.248,900
"08NN015",94,0.253,0.419,0.794,1.405,2.511,900
"08NN015",95,0.258,0.436,0.863,1.52,2.8,900
"08NN015",96,0.264,0.453,0.934,1.593,3.041,900
"08NN015",97,0.275,0.478,0.963,1.69,3.29,900
"08NN015",98,0.28,0.512,1.01,1.81,3.423,900
"08NN015",99,0.288,0.543,1.09,1.97,3.67,900
"08NN015",100,0.3,0.586,1.14,2.16,3.882,900
"08NN015",101,0.33,0.625,1.245,2.383,4.08,900
"08NN015",102,0.354,0.659,1.36,2.602,4.49,900
"08NN015",103,0.379,0.688,1.445,2.79,4.912,900
"08NN015",104,0.4,0.728,1.55,3,5.372,900
"08NN015",105,0.425,0.774,1.64,3.282,5.893,900
"08NN015",106,0.447,0.809,1.81,3.68,6.461,900
"08NN015",107,0.46,0.835,2.01,4.062,7.143,900
"08NN015",108,0.481,0.888,2.205,4.492,7.55,900
"08NN015",109,0.529,0.968,2.44,4.932,7.885,900
"08NN015",110,0.591,1.01,2.665,5.383,8.169,900
"08NN015",111,0.631,1.19,2.905,5.732,8.741,900
"08NN015",112,0.677,1.31,3.21,6.18,9.532,900
"08NN015",113,0.702,1.46,3.615,6.653,10.13,900
"08NN015",114,0.729,1.705,4.075,7.113,10.71,900
"08NN015",115,0.759,1.96,4.54,7.55,11.62,900
"08NN015",116,0.789,2.26,4.97,8.005,12.7,899
"08NN015",117,0.85,2.493,5.385,8.495,13,898
"08NN015",118,0.949,2.82,5.67,8.99,13.7,897
"08NN015",119,1.13,3.158,5.935,9.495,14.8,896
"08NN015",120,1.464,3.495,6.4,10.1,15.72,895
"08NN015",121,1.69,3.94,6.625,10.7,16.74,894
"08NN015",122,2.002,4.28,7.02,11.2,17.6,893
"08NN015",123,2.351,4.53,7.255,11.725,18.2,892
"08NN015",124,2.61,4.72,7.56,12.5,19.6,891
"08NN015",125,2.89,4.972,8.155,13,20.3,890
"08NN015",126,3.31,5.32,8.61,13.7,20.82,889
"08NN015",127,3.697,5.497,9.105,14.8,21.53,888
"08NN015",128,3.96,5.805,9.6,15.4,22.1,887
"08NN015",129,4.235,6.31,10.1,16,22.7,886
"08NN015",130,4.412,6.64,10.6,16.7,23.26,885
"08NN015",131,4.584,7.02,11.3,17.2,24.32,885
"08NN015",132,4.76,7.33,11.8,17.6,25,885
"08NN015",133,5.098,7.82,12.5,18.1,25.76,885
"08NN015",134,5.418,8.28,12.7,18.6,26.16,885
"08NN015",135,5.66,8.69,13.2,19.2,27.66,885
"08NN015",136,6.25,9.23,13.8,20,28.3,885
"08NN015",137,6.572,9.81,14.1,20.9,28.6,885
"08NN015",138,7.102,10.2,14.6,21.4,29,885
"08NN015",139,7.5,10.5,15,21.8,29.26,885
"08NN015",140,8.032,11.1,15.4,22.1,29.2,885
"08NN015",141,8.484,11.4,15.8,22.4,29.2,885
"08NN015",142,8.852,11.9,16.3,22.5,29.36,885
"08NN015",143,9.25,12.1,16.5,22.7,29.52,885
"08NN015",144,9.704,12.3,16.7,22.9,29.72,885
"08NN015",145,9.818,12.5,16.9,23,29.86,885
"08NN015",146,9.918,12.5,17.2,23.1,30.1,885
"08NN015",147,9.97,12.6,17.6,23.3,29.86,885
"08NN015",148,10.14,12.7,17.8,23.3,29.72,885
"08NN015",149,10.2,12.9,17.9,23.4,29.68,885
"08NN015",150,10.2,13,18,23.3,28.86,885
"08NN015",151,10.14,13,18,23,28.46,885
"08NN015",152,10.1,12.9,17.85,22.8,28.2,886
"08NN015",153,9.902,12.8,17.6,22.5,27.94,887
"08NN015",154,9.707,12.5,17.4,22.325,27.73,888
"08NN015",155,9.498,12.2,17.2,22.1,27.54,889
"08NN015",156,9.03,11.9,16.95,21.9,27.2,890
"08NN015",157,8.38,11.5,16.7,21.8,26.8,891
"08NN015",158,8.046,11.1,16.4,21.625,26.6,892
"08NN015",159,7.552,10.8,16,21.5,26.58,893
"08NN015",160,7.19,10.4,15.45,21.4,26.4,894
"08NN015",161,6.752,10.2,14.9,21,26.1,895
"08NN015",162,6.31,9.88,14.4,20.4,25.7,896
"08NN015",163,5.918,9.53,14,20,25.44,897
"08NN015",164,5.64,8.995,13.1,19.5,25.2,898
"08NN015",165,5.428,8.64,12.5,19,24.3,899
"08NN015",166,5.211,8.17,12.05,18.7,23.5,900
"08NN015",167,4.608,7.67,11.7,17.9,23.2,900
"08NN015",168,4.309,7.19,11.3,17.7,23.11,900
"08NN015",169,4.03,6.82,10.8,17.5,22.9,900
"08NN015",170,3.708,6.405,10.6,17,22.7,900
"08NN015",171,3.479,6.085,10.2,16.5,22.21,900
"08NN015",172,3.31,5.827,9.885,15.7,21.51,900
"08NN015",173,3.229,5.485,9.525,15.1,21.21,900
"08NN015",174,3.11,5.225,9.135,14.7,20.61,900
"08NN015",175,3.025,4.825,8.57,14.1,20.1,906
"08NN015",176,2.94,4.54,8.14,13.6,19.58,913
"08NN015",177,2.699,4.275,7.71,13,18.7,920
"08NN015",178,2.564,4.07,7.33,12.5,18.04,927
"08NN015",179,2.38,3.845,6.93,11.7,17.36,935
"08NN015",180,2.252,3.67,6.6,11.3,16.68,943
"08NN015",181,2.19,3.48,6.12,10.75,15.9,951
"08NN015",182,2.056,3.315,5.81,10.3,15.1,959
"08NN015",183,1.93,3.22,5.43,9.745,14.64,967
"08NN015",184,1.81,3.04,5.08,9.29,13.8,975
"08NN015",185,1.712,2.86,4.85,8.89,13.28,983
"08NN015",186,1.6,2.69,4.66,8.44,12.8,991
"08NN015",187,1.546,2.52,4.32,7.935,11.82,999
"08NN015",188,1.47,2.405,4.16,7.45,11.34,1007
"08NN015",189,1.384,2.22,3.99,7.165,10.92,1015
"08NN015",190,1.306,2.1,3.75,6.8,10.34,1017
"08NN015",191,1.227,1.935,3.565,6.268,9.853,1018
"08NN015",192,1.138,1.8,3.31,5.965,9.286,1019
"08NN015",193,1.049,1.66,3.135,5.66,8.616,1020
"08NN015",194,0.949,1.56,2.885,5.273,8.073,1020
"08NN015",195,0.859,1.44,2.695,4.952,7.623,1020
"08NN015",196,0.771,1.36,2.49,4.722,7.383,1020
"08NN015",197,0.721,1.287,2.31,4.447,7.013,1020
"08NN015",198,0.67,1.198,2.17,4.22,6.548,1020
"08NN015",199,0.623,1.1,2.015,4.05,6.242,1020
"08NN015",200,0.581,1.03,1.89,3.812,5.823,1020
"08NN015",201,0.548,0.939,1.79,3.562,5.55,1020
"08NN015",202,0.513,0.857,1.69,3.28,5.165,1020
"08NN015",203,0.474,0.776,1.59,3.035,4.852,1020
"08NN015",204,0.445,0.725,1.475,2.772,4.661,1020
"08NN015",205,0.422,0.686,1.4,2.58,4.394,1020
"08NN015",206,0.402,0.639,1.3,2.39,4.141,1020
"08NN015",207,0.385,0.597,1.21,2.24,3.96,1020
"08NN015",208,0.358,0.566,1.12,2.1,3.682,1020
"08NN015",209,0.347,0.535,1.05,1.973,3.451,1020
"08NN015",210,0.327,0.511,0.972,1.87,3.28,1020
"08NN015",211,0.312,0.481,0.916,1.792,3.094,1020
"08NN015",212,0.299,0.463,0.853,1.723,2.89,1020
"08NN015",213,0.291,0.445,0.815,1.63,2.692,1020
"08NN015",214,0.276,0.426,0.765,1.522,2.457,1020
"08NN015",215,0.261,0.408,0.724,1.42,2.372,1020
"08NN015",216,0.253,0.39,0.694,1.35,2.213,1020
"08NN015",217,0.247,0.376,0.669,1.3,2.161,1020
"08NN015",218,0.238,0.361,0.648,1.252,2.14,1020
"08NN015",219,0.233,0.351,0.622,1.193,2.062,1020
"08NN015",220,0.226,0.338,0.595,1.152,2.001,1020
"08NN015",221,0.217,0.323,0.583,1.11,1.98,1021
"08NN015",222,0.21,0.315,0.567,1.068,1.948,1022
"08NN015",223,0.204,0.3,0.548,1.03,1.93,1023
"08NN015",224,0.198,0.293,0.537,1.012,1.884,1024
"08NN015",225,0.194,0.284,0.527,0.992,1.82,1025
"08NN015",226,0.19,0.274,0.513,0.984,1.77,1026
"08NN015",227,0.183,0.267,0.5,0.969,1.71,1027
"08NN015",228,0.179,0.263,0.491,0.933,1.663,1028
"08NN015",229,0.175,0.258,0.481,0.91,1.64,1029
"08NN015",230,0.172,0.254,0.472,0.906,1.59,1030
"08NN015",231,0.169,0.249,0.462,0.88,1.56,1031
"08NN015",232,0.167,0.242,0.448,0.858,1.529,1032
"08NN015",233,0.161,0.236,0.443,0.852,1.518,1033
"08NN015",234,0.156,0.232,0.442,0.844,1.497,1034
"08NN015",235,0.154,0.229,0.437,0.851,1.48,1035
"08NN015",236,0.152,0.227,0.43,0.847,1.486,1035
"08NN015",237,0.15,0.224,0.425,0.845,1.486,1035
"08NN015",238,0.149,0.221,0.413,0.844,1.502,1035
"08NN015",239,0.147,0.22,0.411,0.843,1.51,1035
"08NN015",240,0.146,0.219,0.411,0.844,1.572,1035
"08NN015",241,0.144,0.217,0.411,0.849,1.606,1035
"08NN015",242,0.144,0.214,0.408,0.853,1.706,1035
"08NN015",243,0.142,0.21,0.405,0.852,1.762,1035
"08NN015",244,0.138,0.207,0.397,0.852,1.812,1035
"08NN015",245,0.136,0.203,0.396,0.847,1.83,1035
"08NN015",246,0.135,0.203,0.396,0.847,1.83,1035
"08NN015",247,0.134,0.203,0.391,0.851,1.836,1035
"08NN015",248,0.133,0.207,0.389,0.847,1.888,1035
"08NN015",249,0.133,0.208,0.388,0.843,1.926,1035
"08NN015",250,0.133,0.209,0.382,0.831,1.966,1035
"08NN015",251,0.133,0.208,0.377,0.814,2.002,1035
"08NN015",252,0.133,0.208,0.371,0.804,2.03,1035
"08NN015",253,0.133,0.209,0.368,0.801,2.058,1035
"08NN015",254,0.133,0.21,0.359,0.794,2.136,1035
"08NN015",255,0.134,0.21,0.358,0.79,2.21,1035
"08NN015",256,0.135,0.212,0.357,0.787,2.29,1035
"08NN015",257,0.137,0.218,0.357,0.776,2.332,1035
"08NN015",258,0.138,0.221,0.358,0.785,2.456,1035
"08NN015",259,0.139,0.221,0.359,0.801,2.548,1035
"08NN015",260,0.139,0.221,0.362,0.824,2.642,1035
"08NN015",261,0.139,0.221,0.363,0.851,2.584,1035
"08NN015",262,0.14,0.221,0.368,0.915,2.588,1035
"08NN015",263,0.141,0.223,0.375,0.97,2.518,1035
"08NN015",264,0.142,0.224,0.39,1.04,2.482,1035
"08NN015",265,0.143,0.225,0.399,1.098,2.497,1034
"08NN015",266,0.142,0.226,0.411,1.11,2.498,1033
"08NN015",267,0.142,0.225,0.419,1.14,2.482,1025
"08NN015",268,0.143,0.225,0.43,1.14,2.315,1016
"08NN015",269,0.145,0.227,0.436,1.15,2.28,1007
"08NN015",270,0.146,0.227,0.44,1.16,2.24,998
"08NN015",271,0.144,0.227,0.444,1.16,2.174,989
"08NN015",272,0.141,0.227,0.45,1.16,2.13,981
"08NN015",273,0.142,0.227,0.455,1.16,2.107,972
"08NN015",274,0.146,0.229,0.464,1.15,2.066,963
"08NN015",275,0.149,0.232,0.472,1.13,2.044,954
"08NN015",276,0.15,0.233,0.471,1.13,2.01,945
"08NN015",277,0.15,0.234,0.47,1.142,2.01,936
"08NN015",278,0.152,0.237,0.47,1.145,2.004,927
"08NN015",279,0.153,0.238,0.472,1.15,1.99,918
"08NN015",280,0.153,0.238,0.493,1.147,1.962,910
"08NN015",281,0.156,0.239,0.511,1.147,1.91,902
"08NN015",282,0.164,0.243,0.516,1.15,1.91,901
"08NN015",283,0.168,0.254,0.522,1.16,1.95,901
"08NN015",284,0.17,0.263,0.528,1.16,1.99,901
"08NN015",285,0.172,0.272,0.532,1.16,2.01,901
"08NN015",286,0.176,0.28,0.543,1.16,2.07,901
"08NN015",287,0.184,0.295,0.546,1.193,2.09,900
"08NN015",288,0.191,0.309,0.56,1.21,2.091,900
"08NN015",289,0.194,0.311,0.574,1.23,2.111,900
"08NN015",290,0.197,0.319,0.602,1.243,2.11,900
"08NN015",291,0.201,0.329,0.614,1.25,2.112,900
"08NN015",292,0.204,0.335,0.648,1.262,2.15,900
"08NN015",293,0.206,0.34,0.68,1.292,2.19,900
"08NN015",294,0.206,0.348,0.71,1.325,2.201,900
"08NN015",295,0.206,0.355,0.722,1.325,2.271,900
"08NN015",296,0.21,0.368,0.737,1.325,2.28,900
"08NN015",297,0.211,0.384,0.749,1.312,2.28,900
"08NN015",298,0.212,0.389,0.757,1.325,2.232,900
"08NN015",299,0.212,0.388,0.766,1.35,2.211,900
"08NN015",300,0.212,0.389,0.78,1.36,2.211,900
"08NN015",301,0.209,0.395,0.789,1.363,2.271,900
"08NN015",302,0.201,0.403,0.793,1.37,2.282,900
"08NN015",303,0.204,0.414,0.795,1.38,2.321,900
"08NN015",304,0.21,0.425,0.802,1.4,2.311,900
"08NN015",305,0.211,0.44,0.795,1.392,2.33,900
"08NN015",306,0.211,0.444,0.795,1.41,2.311,900
"08NN015",307,0.213,0.445,0.788,1.42,2.292,900
"08NN015",308,0.215,0.445,0.789,1.42,2.232,900
"08NN015",309,0.216,0.444,0.793,1.42,2.253,900
"08NN015",310,0.218,0.439,0.789,1.41,2.23,900
"08NN015",311,0.22,0.433,0.789,1.402,2.23,900
"08NN015",312,0.225,0.427,0.796,1.4,2.23,900
"08NN015",313,0.225,0.416,0.792,1.402,2.232,900
"08NN015",314,0.223,0.416,0.784,1.382,2.221,900
"08NN015",315,0.22,0.406,0.78,1.37,2.12,900
"08NN015",316,0.22,0.402,0.769,1.35,2.11,900
"08NN015",317,0.219,0.39,0.76,1.31,2.091,900
"08NN015",318,0.216,0.388,0.74,1.26,2,901
"08NN015",319,0.215,0.385,0.725,1.23,1.909,902
"08NN015",320,0.213,0.381,0.705,1.19,1.898,903
"08NN015",321,0.213,0.375,0.697,1.17,1.884,904
"08NN015",322,0.213,0.368,0.687,1.15,1.846,905
"08NN015",323,0.212,0.361,0.671,1.11,1.81,906
"08NN015",324,0.21,0.36,0.66,1.085,1.708,907
"08NN015",325,0.209,0.36,0.653,1.07,1.633,908
"08NN015",326,0.207,0.359,0.647,1.04,1.61,909
"08NN015",327,0.204,0.359,0.625,1,1.591,910
"08NN015",328,0.204,0.36,0.605,0.961,1.56,911
"08NN015",329,0.203,0.358,0.6,0.94,1.53,912
"08NN015",330,0.203,0.357,0.585,0.93,1.508,913
"08NN015",331,0.203,0.355,0.575,0.918,1.47,914
"08NN015",332,0.204,0.354,0.564,0.907,1.43,915
"08NN015",333,0.204,0.354,0.555,0.903,1.41,915
"08NN015",334,0.205,0.351,0.552,0.896,1.386,915
"08NN015",335,0.205,0.347,0.55,0.887,1.342,915
"08NN015",336,0.207,0.341,0.538,0.877,1.3,915
"08NN015",337,0.207,0.34,0.525,0.866,1.256,915
"08NN015",338,0.207,0.34,0.51,0.862,1.22,915
"08NN015",339,0.21,0.34,0.5,0.85,1.206,915
"08NN015",340,0.21,0.34,0.491,0.846,1.19,915
"08NN015",341,0.21,0.34,0.481,0.838,1.186,915
"08NN015",342,0.21,0.337,0.472,0.826,1.16,915
"08NN015",343,0.21,0.332,0.464,0.82,1.156,915
"08NN015",344,0.21,0.33,0.458,0.817,1.13,915
"08NN015",345,0.21,0.327,0.453,0.808,1.12,915
"08NN015",346,0.21,0.325,0.45,0.803,1.12,915
"08NN015",347,0.21,0.324,0.445,0.8,1.106,915
"08NN015",348,0.209,0.324,0.44,0.78,1.106,915
"08NN015",349,0.208,0.322,0.439,0.77,1.1,915
"08NN015",350,0.208,0.321,0.438,0.768,1.1,915
"08NN015",351,0.206,0.321,0.437,0.755,1.1,915
"08NN015",352,0.204,0.318,0.437,0.749,1.08,915
"08NN015",353,0.204,0.316,0.436,0.735,1.08,915
"08NN015",354,0.202,0.311,0.43,0.72,1.06,915
"08NN015",355,0.201,0.308,0.429,0.679,1.046,915
"08NN015",356,0.2,0.302,0.427,0.65,1.03,915
"08NN015",357,0.2,0.299,0.423,0.647,1.01,915
"08NN015",358,0.2,0.296,0.419,0.637,0.983,915
"08NN015",359,0.2,0.295,0.417,0.631,0.968,870
"08NN015",360,0.198,0.285,0.41,0.628,0.949,869
"08NN015",361,0.197,0.283,0.402,0.605,0.94,868
"08NN015",362,0.195,0.28,0.4,0.6,0.914,867
"08NN015",363,0.194,0.275,0.394,0.59,0.9,866
"08NN015",364,0.191,0.273,0.383,0.573,0.882,865
"08NN015",365,0.19,0.269,0.38,0.556,0.85,864
"08NN015",366,0.19,0.264,0.374,0.545,0.835,863
"08NN019",1,0.087,0.113,0.159,0.266,0.379,847
"08NN019",2,0.087,0.113,0.159,0.263,0.377,846
"08NN019",3,0.087,0.113,0.153,0.26,0.376,845
"08NN019",4,0.088,0.113,0.153,0.259,0.372,844
"08NN019",5,0.088,0.113,0.153,0.258,0.368,843
"08NN019",6,0.088,0.113,0.153,0.258,0.355,842
"08NN019",7,0.088,0.113,0.153,0.256,0.347,841
"08NN019",8,0.089,0.111,0.154,0.256,0.342,885
"08NN019",9,0.091,0.11,0.156,0.255,0.34,885
"08NN019",10,0.093,0.11,0.158,0.255,0.338,885
"08NN019",11,0.094,0.11,0.158,0.253,0.338,885
"08NN019",12,0.094,0.11,0.159,0.252,0.338,885
"08NN019",13,0.094,0.11,0.159,0.249,0.337,885
"08NN019",14,0.094,0.11,0.159,0.248,0.336,885
"08NN019",15,0.094,0.11,0.159,0.246,0.335,885
"08NN019",16,0.094,0.11,0.159,0.246,0.334,885
"08NN019",17,0.094,0.11,0.158,0.246,0.333,885
"08NN019",18,0.094,0.11,0.158,0.245,0.332,885
"08NN019",19,0.093,0.11,0.158,0.245,0.329,885
"08NN019",20,0.093,0.11,0.158,0.245,0.326,885
"08NN019",21,0.092,0.11,0.157,0.245,0.322,885
"08NN019",22,0.091,0.11,0.157,0.245,0.321,885
"08NN019",23,0.091,0.11,0.157,0.244,0.32,885
"08NN019",24,0.091,0.11,0.157,0.243,0.32,885
"08NN019",25,0.09,0.11,0.156,0.243,0.32,885
"08NN019",26,0.09,0.11,0.156,0.244,0.32,885
"08NN019",27,0.09,0.11,0.155,0.243,0.319,885
"08NN019",28,0.09,0.11,0.155,0.243,0.318,885
"08NN019",29,0.09,0.11,0.155,0.242,0.318,885
"08NN019",30,0.09,0.11,0.155,0.24,0.32,885
"08NN019",31,0.09,0.11,0.155,0.237,0.32,885
"08NN019",32,0.09,0.11,0.155,0.237,0.32,885
"08NN019",33,0.09,0.11,0.155,0.236,0.322,885
"08NN019",34,0.09,0.113,0.155,0.236,0.324,885
"08NN019",35,0.09,0.113,0.155,0.236,0.327,885
"08NN019",36,0.091,0.113,0.154,0.236,0.327,885
"08NN019",37,0.092,0.115,0.153,0.236,0.328,885
"08NN019",38,0.092,0.116,0.153,0.236,0.332,885
"08NN019",39,0.093,0.116,0.152,0.236,0.335,885
"08NN019",40,0.093,0.116,0.151,0.235,0.34,885
"08NN019",41,0.093,0.116,0.15,0.232,0.343,885
"08NN019",42,0.094,0.116,0.15,0.232,0.346,885
"08NN019",43,0.094,0.116,0.15,0.235,0.35,885
"08NN019",44,0.093,0.116,0.15,0.235,0.353,885
"08NN019",45,0.093,0.117,0.15,0.235,0.353,885
"08NN019",46,0.093,0.117,0.15,0.238,0.356,885
"08NN019",47,0.093,0.117,0.152,0.238,0.36,885
"08NN019",48,0.093,0.116,0.152,0.24,0.361,885
"08NN019",49,0.093,0.116,0.152,0.24,0.364,885
"08NN019",50,0.093,0.116,0.152,0.24,0.371,885
"08NN019",51,0.092,0.116,0.152,0.24,0.373,885
"08NN019",52,0.092,0.116,0.153,0.24,0.378,885
"08NN019",53,0.092,0.116,0.154,0.242,0.38,885
"08NN019",54,0.092,0.116,0.155,0.245,0.381,885
"08NN019",55,0.092,0.115,0.156,0.25,0.388,885
"08NN019",56,0.091,0.115,0.156,0.263,0.392,885
"08NN019",57,0.09,0.115,0.157,0.269,0.395,885
"08NN019",58,0.091,0.116,0.157,0.27,0.399,885
"08NN019",59,0.091,0.116,0.159,0.272,0.403,885
"08NN019",60,0.091,0.116,0.159,0.273,0.41,885
"08NN019",61,0.091,0.117,0.164,0.276,0.413,885
"08NN019",62,0.092,0.117,0.164,0.28,0.424,885
"08NN019",63,0.092,0.118,0.167,0.283,0.451,885
"08NN019",64,0.093,0.119,0.17,0.289,0.464,885
"08NN019",65,0.093,0.12,0.176,0.293,0.509,885
"08NN019",66,0.095,0.121,0.18,0.311,0.559,885
"08NN019",67,0.095,0.122,0.185,0.316,0.59,885
"08NN019",68,0.097,0.122,0.187,0.325,0.639,885
"08NN019",69,0.097,0.125,0.19,0.338,0.698,885
"08NN019",70,0.099,0.125,0.191,0.34,0.765,885
"08NN019",71,0.101,0.127,0.198,0.343,0.817,885
"08NN019",72,0.104,0.13,0.202,0.357,0.846,885
"08NN019",73,0.105,0.136,0.21,0.379,0.95,885
"08NN019",74,0.106,0.144,0.215,0.398,1.016,885
"08NN019",75,0.107,0.147,0.218,0.447,1.15,885
"08NN019",76,0.11,0.149,0.221,0.476,1.246,885
"08NN019",77,0.112,0.156,0.229,0.504,1.292,885
"08NN019",78,0.113,0.159,0.236,0.533,1.346,885
"08NN019",79,0.115,0.164,0.24,0.586,1.43,885
"08NN019",80,0.116,0.17,0.249,0.665,1.456,885
"08NN019",81,0.12,0.173,0.255,0.759,1.5,885
"08NN019",82,0.122,0.178,0.266,0.796,1.52,885
"08NN019",83,0.123,0.184,0.28,0.849,1.536,885
"08NN019",84,0.127,0.191,0.299,0.908,1.582,885
"08NN019",85,0.129,0.201,0.325,0.982,1.65,885
"08NN019",86,0.133,0.208,0.362,1.09,1.756,885
"08NN019",87,0.139,0.212,0.396,1.15,1.876,885
"08NN019",88,0.144,0.216,0.44,1.21,1.966,885
"08NN019",89,0.149,0.224,0.494,1.27,2.07,885
"08NN019",90,0.153,0.234,0.54,1.37,2.226,885
"08NN019",91,0.161,0.242,0.623,1.47,2.396,885
"08NN019",92,0.165,0.249,0.691,1.57,2.626,885
"08NN019",93,0.173,0.261,0.798,1.74,2.802,885
"08NN019",94,0.186,0.27,0.878,1.83,2.93,885
"08NN019",95,0.197,0.305,0.991,1.96,3.09,885
"08NN019",96,0.21,0.334,1.1,2.08,3.17,885
"08NN019",97,0.224,0.365,1.17,2.21,3.282,885
"08NN019",98,0.238,0.424,1.26,2.35,3.468,885
"08NN019",99,0.249,0.502,1.35,2.54,3.586,885
"08NN019",100,0.261,0.559,1.46,2.65,3.772,885
"08NN019",101,0.27,0.637,1.59,2.79,3.98,885
"08NN019",102,0.305,0.743,1.75,2.94,4.322,885
"08NN019",103,0.334,0.829,1.85,3.1,4.626,885
"08NN019",104,0.361,0.909,2,3.27,4.928,885
"08NN019",105,0.385,0.98,2.11,3.52,5.27,885
"08NN019",106,0.44,1.05,2.2,3.76,5.66,885
"08NN019",107,0.539,1.13,2.29,3.97,6.044,885
"08NN019",108,0.635,1.22,2.46,4.14,6.396,885
"08NN019",109,0.703,1.27,2.63,4.38,6.6,885
"08NN019",110,0.76,1.36,2.83,4.67,6.77,885
"08NN019",111,0.791,1.5,3.06,4.87,7.27,885
"08NN019",112,0.895,1.68,3.27,5.15,7.532,885
"08NN019",113,0.956,1.83,3.51,5.32,7.69,885
"08NN019",114,1,1.95,3.7,5.59,7.882,885
"08NN019",115,1.088,2.13,3.89,5.87,8.216,885
"08NN019",116,1.164,2.29,4.08,6.15,8.506,885
"08NN019",117,1.244,2.56,4.26,6.35,8.814,885
"08NN019",118,1.384,2.75,4.44,6.59,9.03,885
"08NN019",119,1.624,2.94,4.59,6.81,9.296,885
"08NN019",120,1.744,3.11,4.76,7.03,9.46,885
"08NN019",121,1.914,3.28,4.92,7.21,9.76,885
"08NN019",122,2.198,3.4,5.04,7.42,9.766,885
"08NN019",123,2.468,3.54,5.12,7.48,9.85,885
"08NN019",124,2.604,3.76,5.22,7.63,10.06,885
"08NN019",125,2.718,3.9,5.41,7.79,10.26,885
"08NN019",126,2.86,3.97,5.52,7.98,10.46,885
"08NN019",127,2.978,4.07,5.62,8.1,10.76,885
"08NN019",128,3.074,4.13,5.79,8.21,10.96,885
"08NN019",129,3.174,4.2,5.97,8.3,11.16,885
"08NN019",130,3.264,4.26,6.12,8.47,11.3,885
"08NN019",131,3.328,4.3,6.2,8.64,11.76,885
"08NN019",132,3.39,4.31,6.29,8.82,11.92,885
"08NN019",133,3.408,4.31,6.38,8.99,12.06,885
"08NN019",134,3.4,4.28,6.38,9.04,12.16,885
"08NN019",135,3.394,4.28,6.4,9.17,12.2,885
"08NN019",136,3.39,4.28,6.48,9.26,12.2,885
"08NN019",137,3.39,4.28,6.54,9.44,12.26,885
"08NN019",138,3.348,4.3,6.56,9.53,12.5,885
"08NN019",139,3.3,4.32,6.6,9.53,12.6,885
"08NN019",140,3.3,4.34,6.65,9.57,12.5,885
"08NN019",141,3.27,4.34,6.69,9.57,12.42,885
"08NN019",142,3.25,4.32,6.76,9.57,12.26,885
"08NN019",143,3.214,4.25,6.74,9.57,12.16,885
"08NN019",144,3.18,4.19,6.68,9.47,12,885
"08NN019",145,3.11,4.14,6.52,9.33,12,885
"08NN019",146,3.05,4.108,6.48,9.27,11.87,884
"08NN019",147,3,4.04,6.41,9.26,11.8,883
"08NN019",148,2.92,4.01,6.26,9.187,11.69,882
"08NN019",149,2.85,3.98,6.1,9.02,11.4,881
"08NN019",150,2.75,3.925,5.95,8.823,11.11,880
"08NN019",151,2.658,3.82,5.72,8.515,11,879
"08NN019",152,2.63,3.683,5.55,8.278,10.8,878
"08NN019",153,2.556,3.59,5.36,8.04,10.44,877
"08NN019",154,2.385,3.42,5.185,7.835,10.25,876
"08NN019",155,2.28,3.285,4.97,7.595,10.1,875
"08NN019",156,2.173,3.14,4.81,7.36,9.94,874
"08NN019",157,2.06,2.98,4.66,7.02,9.794,873
"08NN019",158,1.951,2.79,4.525,6.77,9.539,872
"08NN019",159,1.83,2.69,4.42,6.535,9.3,871
"08NN019",160,1.66,2.592,4.25,6.333,8.994,870
"08NN019",161,1.619,2.423,4.03,6.088,8.812,870
"08NN019",162,1.53,2.315,3.865,5.89,8.461,870
"08NN019",163,1.47,2.223,3.66,5.62,8.18,870
"08NN019",164,1.409,2.13,3.41,5.44,7.872,870
"08NN019",165,1.36,2.02,3.2,5.26,7.58,871
"08NN019",166,1.27,1.917,3.04,5.06,7.048,872
"08NN019",167,1.213,1.812,2.91,4.79,6.767,874
"08NN019",168,1.174,1.755,2.78,4.645,6.626,875
"08NN019",169,1.11,1.667,2.65,4.535,6.425,876
"08NN019",170,1.06,1.61,2.55,4.39,6.194,877
"08NN019",171,0.983,1.53,2.45,4.22,5.913,878
"08NN019",172,0.916,1.475,2.36,3.965,5.642,879
"08NN019",173,0.846,1.41,2.235,3.755,5.341,880
"08NN019",174,0.812,1.33,2.14,3.57,5.17,881
"08NN019",175,0.779,1.27,2.06,3.408,4.808,882
"08NN019",176,0.718,1.215,1.98,3.275,4.718,883
"08NN019",177,0.679,1.137,1.905,3.12,4.517,884
"08NN019",178,0.65,1.08,1.82,2.96,4.342,885
"08NN019",179,0.629,1.032,1.76,2.89,4.215,886
"08NN019",180,0.586,0.951,1.68,2.78,4.07,886
"08NN019",181,0.552,0.912,1.595,2.61,3.845,886
"08NN019",182,0.531,0.872,1.5,2.49,3.686,885
"08NN019",183,0.515,0.844,1.45,2.4,3.49,885
"08NN019",184,0.484,0.802,1.34,2.3,3.34,885
"08NN019",185,0.467,0.757,1.3,2.24,3.178,885
"08NN019",186,0.442,0.714,1.23,2.14,3.082,885
"08NN019",187,0.42,0.68,1.16,2.01,2.92,885
"08NN019",188,0.388,0.637,1.1,1.91,2.882,885
"08NN019",189,0.36,0.599,1.06,1.78,2.754,885
"08NN019",190,0.341,0.558,1.01,1.68,2.646,885
"08NN019",191,0.319,0.537,0.964,1.61,2.55,885
"08NN019",192,0.295,0.512,0.909,1.52,2.476,885
"08NN019",193,0.272,0.484,0.868,1.45,2.32,885
"08NN019",194,0.249,0.45,0.81,1.39,2.262,885
"08NN019",195,0.231,0.412,0.762,1.31,2.172,885
"08NN019",196,0.219,0.383,0.716,1.28,2.07,885
"08NN019",197,0.209,0.357,0.665,1.23,1.96,885
"08NN019",198,0.198,0.329,0.63,1.16,1.806,885
"08NN019",199,0.19,0.305,0.603,1.11,1.756,885
"08NN019",200,0.184,0.288,0.561,1.05,1.662,885
"08NN019",201,0.179,0.265,0.535,0.991,1.556,885
"08NN019",202,0.168,0.246,0.501,0.948,1.5,885
"08NN019",203,0.152,0.229,0.473,0.882,1.45,885
"08NN019",204,0.141,0.216,0.442,0.824,1.412,885
"08NN019",205,0.135,0.208,0.414,0.772,1.34,885
"08NN019",206,0.132,0.198,0.391,0.733,1.266,885
"08NN019",207,0.126,0.189,0.368,0.69,1.176,885
"08NN019",208,0.119,0.18,0.343,0.644,1.12,885
"08NN019",209,0.114,0.17,0.32,0.615,1.04,885
"08NN019",210,0.106,0.16,0.303,0.565,0.994,885
"08NN019",211,0.098,0.15,0.279,0.541,0.944,885
"08NN019",212,0.095,0.142,0.263,0.511,0.874,885
"08NN019",213,0.092,0.137,0.251,0.485,0.849,885
"08NN019",214,0.087,0.133,0.241,0.461,0.793,885
"08NN019",215,0.08,0.128,0.232,0.433,0.747,885
"08NN019",216,0.076,0.125,0.221,0.411,0.712,885
"08NN019",217,0.073,0.12,0.215,0.393,0.673,885
"08NN019",218,0.071,0.117,0.212,0.376,0.661,885
"08NN019",219,0.069,0.113,0.202,0.36,0.641,885
"08NN019",220,0.067,0.109,0.195,0.35,0.631,885
"08NN019",221,0.066,0.105,0.19,0.343,0.626,885
"08NN019",222,0.064,0.101,0.185,0.33,0.623,885
"08NN019",223,0.063,0.096,0.179,0.326,0.609,885
"08NN019",224,0.062,0.093,0.174,0.324,0.603,885
"08NN019",225,0.061,0.09,0.17,0.32,0.592,885
"08NN019",226,0.059,0.086,0.166,0.311,0.576,885
"08NN019",227,0.058,0.084,0.161,0.305,0.571,885
"08NN019",228,0.057,0.082,0.156,0.3,0.553,885
"08NN019",229,0.056,0.081,0.153,0.298,0.549,886
"08NN019",230,0.054,0.079,0.149,0.297,0.546,887
"08NN019",231,0.054,0.078,0.146,0.299,0.534,888
"08NN019",232,0.053,0.077,0.143,0.297,0.518,889
"08NN019",233,0.051,0.075,0.141,0.296,0.511,890
"08NN019",234,0.051,0.072,0.139,0.293,0.488,891
"08NN019",235,0.05,0.072,0.139,0.297,0.488,892
"08NN019",236,0.049,0.071,0.137,0.297,0.488,893
"08NN019",237,0.048,0.07,0.137,0.294,0.492,894
"08NN019",238,0.047,0.069,0.136,0.291,0.496,895
"08NN019",239,0.047,0.069,0.134,0.29,0.498,896
"08NN019",240,0.047,0.068,0.134,0.293,0.516,897
"08NN019",241,0.046,0.067,0.133,0.3,0.536,898
"08NN019",242,0.046,0.067,0.132,0.3,0.535,899
"08NN019",243,0.046,0.067,0.132,0.3,0.535,900
"08NN019",244,0.046,0.066,0.13,0.299,0.524,900
"08NN019",245,0.046,0.065,0.13,0.297,0.512,900
"08NN019",246,0.046,0.065,0.13,0.298,0.502,900
"08NN019",247,0.046,0.065,0.128,0.298,0.494,900
"08NN019",248,0.046,0.065,0.128,0.294,0.494,900
"08NN019",249,0.047,0.065,0.128,0.29,0.498,900
"08NN019",250,0.047,0.065,0.127,0.282,0.494,900
"08NN019",251,0.048,0.064,0.126,0.278,0.493,900
"08NN019",252,0.048,0.064,0.126,0.276,0.493,900
"08NN019",253,0.048,0.064,0.124,0.275,0.493,900
"08NN019",254,0.048,0.064,0.122,0.272,0.493,900
"08NN019",255,0.049,0.065,0.125,0.264,0.493,900
"08NN019",256,0.049,0.065,0.127,0.257,0.494,900
"08NN019",257,0.049,0.065,0.129,0.255,0.515,900
"08NN019",258,0.049,0.067,0.13,0.255,0.543,900
"08NN019",259,0.05,0.068,0.13,0.26,0.57,900
"08NN019",260,0.05,0.069,0.13,0.269,0.601,900
"08NN019",261,0.05,0.069,0.133,0.271,0.623,900
"08NN019",262,0.05,0.07,0.133,0.276,0.626,900
"08NN019",263,0.05,0.071,0.136,0.28,0.629,900
"08NN019",264,0.05,0.072,0.136,0.282,0.629,900
"08NN019",265,0.051,0.073,0.137,0.294,0.646,900
"08NN019",266,0.051,0.074,0.139,0.301,0.649,900
"08NN019",267,0.053,0.076,0.139,0.304,0.649,900
"08NN019",268,0.055,0.077,0.139,0.305,0.649,900
"08NN019",269,0.056,0.078,0.142,0.311,0.658,900
"08NN019",270,0.056,0.079,0.144,0.313,0.658,900
"08NN019",271,0.056,0.08,0.144,0.312,0.658,900
"08NN019",272,0.056,0.08,0.144,0.311,0.659,900
"08NN019",273,0.055,0.082,0.144,0.309,0.664,900
"08NN019",274,0.055,0.084,0.147,0.303,0.676,900
"08NN019",275,0.055,0.087,0.15,0.3,0.681,900
"08NN019",276,0.055,0.089,0.15,0.3,0.691,900
"08NN019",277,0.056,0.091,0.15,0.3,0.691,900
"08NN019",278,0.056,0.093,0.15,0.301,0.691,900
"08NN019",279,0.056,0.095,0.15,0.301,0.691,900
"08NN019",280,0.057,0.096,0.152,0.301,0.69,900
"08NN019",281,0.057,0.097,0.156,0.303,0.677,900
"08NN019",282,0.058,0.101,0.156,0.307,0.666,900
"08NN019",283,0.059,0.105,0.159,0.31,0.662,900
"08NN019",284,0.06,0.106,0.161,0.313,0.661,900
"08NN019",285,0.061,0.108,0.164,0.32,0.655,900
"08NN019",286,0.065,0.111,0.167,0.329,0.651,900
"08NN019",287,0.068,0.114,0.171,0.335,0.646,900
"08NN019",288,0.07,0.117,0.178,0.342,0.64,900
"08NN019",289,0.07,0.119,0.185,0.351,0.64,900
"08NN019",290,0.075,0.121,0.19,0.359,0.635,900
"08NN019",291,0.08,0.124,0.195,0.369,0.629,900
"08NN019",292,0.085,0.127,0.198,0.381,0.632,900
"08NN019",293,0.091,0.13,0.203,0.388,0.636,900
"08NN019",294,0.093,0.13,0.213,0.394,0.651,900
"08NN019",295,0.093,0.133,0.219,0.394,0.661,900
"08NN019",296,0.096,0.134,0.222,0.395,0.662,900
"08NN019",297,0.099,0.136,0.227,0.399,0.677,900
"08NN019",298,0.1,0.139,0.229,0.402,0.68,900
"08NN019",299,0.101,0.142,0.232,0.405,0.688,900
"08NN019",300,0.102,0.147,0.235,0.409,0.693,900
"08NN019",301,0.108,0.149,0.237,0.413,0.715,900
"08NN019",302,0.108,0.154,0.24,0.429,0.722,900
"08NN019",303,0.106,0.157,0.241,0.436,0.738,900
"08NN019",304,0.108,0.159,0.244,0.452,0.739,900
"08NN019",305,0.108,0.159,0.246,0.46,0.75,900
"08NN019",306,0.11,0.16,0.25,0.468,0.755,900
"08NN019",307,0.111,0.161,0.253,0.472,0.755,900
"08NN019",308,0.112,0.161,0.255,0.473,0.741,900
"08NN019",309,0.113,0.161,0.256,0.473,0.738,900
"08NN019",310,0.113,0.161,0.255,0.477,0.732,900
"08NN019",311,0.115,0.161,0.254,0.475,0.73,900
"08NN019",312,0.115,0.161,0.255,0.477,0.72,900
"08NN019",313,0.115,0.16,0.257,0.476,0.726,900
"08NN019",314,0.113,0.16,0.255,0.473,0.716,900
"08NN019",315,0.11,0.159,0.252,0.47,0.716,900
"08NN019",316,0.109,0.156,0.252,0.468,0.713,900
"08NN019",317,0.105,0.153,0.252,0.455,0.709,900
"08NN019",318,0.102,0.15,0.25,0.44,0.686,900
"08NN019",319,0.099,0.149,0.247,0.43,0.67,900
"08NN019",320,0.099,0.145,0.239,0.424,0.653,900
"08NN019",321,0.099,0.144,0.238,0.414,0.639,900
"08NN019",322,0.099,0.142,0.236,0.409,0.637,900
"08NN019",323,0.099,0.142,0.232,0.406,0.634,900
"08NN019",324,0.099,0.141,0.232,0.4,0.619,900
"08NN019",325,0.099,0.139,0.229,0.399,0.594,900
"08NN019",326,0.096,0.137,0.228,0.391,0.589,900
"08NN019",327,0.095,0.135,0.225,0.383,0.58,900
"08NN019",328,0.096,0.133,0.223,0.366,0.566,900
"08NN019",329,0.096,0.132,0.22,0.36,0.561,900
"08NN019",330,0.096,0.131,0.216,0.352,0.552,900
"08NN019",331,0.096,0.13,0.212,0.35,0.513,900
"08NN019",332,0.098,0.13,0.21,0.348,0.504,900
"08NN019",333,0.098,0.128,0.208,0.342,0.494,900
"08NN019",334,0.098,0.127,0.204,0.336,0.477,900
"08NN019",335,0.095,0.126,0.203,0.334,0.46,900
"08NN019",336,0.093,0.125,0.2,0.334,0.456,900
"08NN019",337,0.091,0.125,0.198,0.334,0.45,900
"08NN019",338,0.09,0.123,0.195,0.334,0.448,900
"08NN019",339,0.09,0.122,0.193,0.334,0.437,900
"08NN019",340,0.09,0.122,0.192,0.334,0.435,900
"08NN019",341,0.09,0.122,0.192,0.334,0.439,900
"08NN019",342,0.089,0.122,0.19,0.331,0.44,900
"08NN019",343,0.088,0.122,0.188,0.329,0.441,900
"08NN019",344,0.088,0.12,0.183,0.329,0.441,900
"08NN019",345,0.088,0.12,0.18,0.328,0.45,900
"08NN019",346,0.088,0.12,0.176,0.328,0.452,900
"08NN019",347,0.088,0.12,0.175,0.326,0.453,900
"08NN019",348,0.089,0.12,0.174,0.326,0.453,900
"08NN019",349,0.089,0.12,0.173,0.326,0.453,900
"08NN019",350,0.089,0.12,0.173,0.323,0.453,900
"08NN019",351,0.089,0.119,0.173,0.318,0.452,900
"08NN019",352,0.089,0.119,0.173,0.314,0.452,900
"08NN019",353,0.089,0.119,0.172,0.311,0.45,900
"08NN019",354,0.089,0.119,0.172,0.309,0.45,900
"08NN019",355,0.089,0.118,0.171,0.306,0.449,900
"08NN019",356,0.089,0.118,0.17,0.301,0.442,900
"08NN019",357,0.089,0.117,0.17,0.298,0.44,900
"08NN019",358,0.089,0.117,0.168,0.289,0.425,900
"08NN019",359,0.09,0.118,0.167,0.286,0.425,855
"08NN019",360,0.09,0.117,0.164,0.28,0.42,854
"08NN019",361,0.089,0.116,0.164,0.278,0.41,853
"08NN019",362,0.088,0.116,0.164,0.275,0.404,852
"08NN019",363,0.088,0.116,0.163,0.275,0.402,851
"08NN019",364,0.088,0.116,0.163,0.274,0.395,850
"08NN019",365,0.088,0.114,0.162,0.27,0.384,849
"08NN019",366,0.087,0.114,0.161,0.269,0.38,848
"08NN026",1,1.538,2.24,3.13,4.52,7.016,249
"08NN026",2,1.56,2.25,3.12,4.585,6.975,248
"08NN026",3,1.57,2.28,3.11,4.63,6.924,247
"08NN026",4,1.575,2.252,3.09,4.535,6.885,246
"08NN026",5,1.58,2.24,3.03,4.52,6.858,245
"08NN026",6,1.58,2.235,3.01,4.428,6.834,244
"08NN026",7,1.58,2.215,3.01,4.295,6.836,243
"08NN026",8,1.574,2.205,2.98,4.26,6.858,255
"08NN026",9,1.57,2.21,2.98,4.235,6.906,255
"08NN026",10,1.574,2.21,2.97,4.25,6.916,255
"08NN026",11,1.58,2.21,2.97,4.26,6.906,255
"08NN026",12,1.58,2.21,2.96,4.295,6.876,255
"08NN026",13,1.584,2.21,2.96,4.295,6.858,255
"08NN026",14,1.594,2.21,2.95,4.295,6.858,255
"08NN026",15,1.6,2.195,2.95,4.285,6.858,255
"08NN026",16,1.594,2.155,2.95,4.235,6.832,255
"08NN026",17,1.588,2.115,2.95,4.22,6.856,255
"08NN026",18,1.592,2.115,2.95,4.22,6.898,255
"08NN026",19,1.626,2.13,2.95,4.22,6.91,255
"08NN026",20,1.684,2.15,2.97,4.235,6.916,255
"08NN026",21,1.694,2.16,3,4.255,6.926,255
"08NN026",22,1.694,2.165,3.03,4.295,6.926,255
"08NN026",23,1.694,2.185,3.05,4.335,6.922,255
"08NN026",24,1.694,2.185,3.06,4.35,6.856,255
"08NN026",25,1.694,2.18,3.09,4.35,6.82,255
"08NN026",26,1.69,2.18,3.09,4.34,6.744,255
"08NN026",27,1.618,2.205,3.1,4.32,6.712,255
"08NN026",28,1.55,2.22,3.13,4.265,6.886,255
"08NN026",29,1.606,2.23,3.16,4.265,6.886,255
"08NN026",30,1.69,2.265,3.19,4.265,6.976,255
"08NN026",31,1.7,2.29,3.16,4.265,7.08,255
"08NN026",32,1.71,2.305,3.14,4.265,7.164,255
"08NN026",33,1.714,2.31,3.11,4.25,7.274,255
"08NN026",34,1.714,2.31,3.05,4.225,7.326,255
"08NN026",35,1.714,2.31,3.03,4.22,7.98,255
"08NN026",36,1.708,2.32,3.03,4.215,8.61,255
"08NN026",37,1.712,2.33,3.02,4.215,8.768,255
"08NN026",38,1.716,2.32,3.02,4.215,8.792,255
"08NN026",39,1.72,2.325,3.02,4.225,8.812,255
"08NN026",40,1.728,2.325,3.03,4.255,8.812,255
"08NN026",41,1.728,2.325,3.03,4.3,8.812,255
"08NN026",42,1.728,2.315,3.1,4.385,8.584,255
"08NN026",43,1.728,2.31,3.1,4.44,8.584,255
"08NN026",44,1.68,2.275,3.1,4.52,8.734,255
"08NN026",45,1.624,2.22,3.07,4.545,8.734,255
"08NN026",46,1.614,2.185,3.07,4.575,8.734,255
"08NN026",47,1.604,2.18,3.07,4.59,8.734,255
"08NN026",48,1.594,2.18,3.02,4.59,8.734,255
"08NN026",49,1.594,2.18,3.01,4.59,8.734,255
"08NN026",50,1.594,2.185,3.01,4.615,8.734,255
"08NN026",51,1.594,2.185,3.01,4.66,8.734,255
"08NN026",52,1.57,2.18,2.98,4.685,8.59,255
"08NN026",53,1.538,2.18,2.92,4.71,8.59,255
"08NN026",54,1.544,2.18,2.9,4.795,8.954,255
"08NN026",55,1.544,2.18,2.86,4.9,9.26,255
"08NN026",56,1.544,2.18,2.86,5.01,9.288,255
"08NN026",57,1.566,2.175,2.88,5.02,9.288,255
"08NN026",58,1.56,2.18,2.9,5.07,9.096,255
"08NN026",59,1.544,2.195,2.92,5.11,9.096,255
"08NN026",60,1.522,2.205,2.99,5.165,9.096,255
"08NN026",61,1.438,2.22,3.07,5.22,9.096,255
"08NN026",62,1.462,2.245,3.14,5.225,9.096,255
"08NN026",63,1.462,2.265,3.26,5.255,9.096,255
"08NN026",64,1.462,2.29,3.47,5.285,9.096,255
"08NN026",65,1.504,2.32,3.59,5.29,9.096,255
"08NN026",66,1.522,2.355,3.74,5.43,9.288,255
"08NN026",67,1.522,2.395,3.79,5.77,9.49,255
"08NN026",68,1.545,2.425,4.045,5.98,10.55,256
"08NN026",69,1.556,2.48,4.15,6.18,12.7,257
"08NN026",70,1.572,2.54,4.2,6.3,15,257
"08NN026",71,1.59,2.592,4.29,6.33,18.46,258
"08NN026",72,1.597,2.622,4.425,6.595,18.46,258
"08NN026",73,1.621,2.693,4.535,6.748,18.63,258
"08NN026",74,1.644,2.775,4.605,7.347,18.7,258
"08NN026",75,1.666,2.835,4.78,7.685,19.22,259
"08NN026",76,1.774,2.86,4.97,8.1,19.42,259
"08NN026",77,1.848,2.9,5.07,8.49,20.16,259
"08NN026",78,1.868,3.045,5.24,10.045,21.04,259
"08NN026",79,2.05,3.057,5.395,11.475,22.2,260
"08NN026",80,2.082,3.17,5.705,12.1,22.29,262
"08NN026",81,2.165,3.223,6.14,12.225,25.67,264
"08NN026",82,2.244,3.2,6.4,12.8,26.28,269
"08NN026",83,2.363,3.25,6.835,13.35,28.07,274
"08NN026",84,2.405,3.52,7.455,17,29.65,296
"08NN026",85,2.475,3.817,8.05,18.375,30.4,326
"08NN026",86,2.52,4.01,8.86,19.95,30.6,355
"08NN026",87,2.602,4.13,9.69,22.1,31.76,385
"08NN026",88,2.674,4.375,10.1,23.5,32.8,415
"08NN026",89,2.702,4.87,10.8,25,33.66,445
"08NN026",90,2.76,5.29,11.8,26.075,35.64,474
"08NN026",91,2.853,5.485,12.05,26.5,38.14,504
"08NN026",92,2.906,5.682,13.15,27.2,39.97,534
"08NN026",93,3.06,5.827,14.55,27.9,41.86,564
"08NN026",94,3.154,6.28,15.9,29.1,43.78,593
"08NN026",95,3.25,6.69,17.5,29.7,46,621
"08NN026",96,3.428,7.36,18.4,31.2,46.64,649
"08NN026",97,3.564,8.053,19.6,31.95,47.54,674
"08NN026",98,3.811,8.725,20.55,32.8,48.36,698
"08NN026",99,3.936,9.69,21.6,34.3,50.4,705
"08NN026",100,4.142,10.5,23.4,35.7,51.72,705
"08NN026",101,4.588,11.5,25.2,38.2,55.16,705
"08NN026",102,5.266,12.6,26.5,40.1,58.66,705
"08NN026",103,5.958,14.2,27.4,42.6,65.96,705
"08NN026",104,7.214,14.8,28.6,45.6,73,705
"08NN026",105,8.14,16,30.8,48.6,77.62,705
"08NN026",106,9.474,17.2,31.8,50.9,80.32,705
"08NN026",107,10.6,18.4,33.5,56.1,84.12,705
"08NN026",108,11.6,19.4,35.3,61.9,88.48,705
"08NN026",109,12.64,21.5,38.4,67,90.96,705
"08NN026",110,13.7,24.475,41.25,71.175,94.95,706
"08NN026",111,14.52,26.85,45.2,73.8,97.78,707
"08NN026",112,15.3,28.975,48.55,76.425,102,708
"08NN026",113,16.58,31,51.2,78.9,104,709
"08NN026",114,17.29,33.2,56.4,81.25,111.1,710
"08NN026",115,18.9,36.15,59.8,85.4,116,711
"08NN026",116,21.92,39.175,63.35,89.8,121,712
"08NN026",117,24.4,42.4,65.9,92.6,125.8,713
"08NN026",118,26.66,45.15,68.7,96.2,129,714
"08NN026",119,28.68,47.15,71.3,99.4,132.6,715
"08NN026",120,31.85,50.1,73.25,103,140,716
"08NN026",121,35.56,52.5,75.3,106,147.4,717
"08NN026",122,37.57,54.225,77.25,110.75,154.3,718
"08NN026",123,39.36,57,79.6,113.5,157,719
"08NN026",124,41.46,59.15,82.3,117,160,720
"08NN026",125,43.58,61.075,85.4,120,161.2,720
"08NN026",126,45,63.025,88.15,123.25,166.1,720
"08NN026",127,48.53,64.5,90.75,129,176.1,720
"08NN026",128,50.4,67.425,92.55,132.25,181.1,720
"08NN026",129,51.59,70.55,94.25,136,183,720
"08NN026",130,54.29,72.675,97.85,138.25,188,720
"08NN026",131,56.29,74.425,100.5,140.25,190.1,720
"08NN026",132,58.96,76.85,103,143,192.1,720
"08NN026",133,60.38,78.05,105.5,145,194,720
"08NN026",134,61.94,81.75,107,147,195.1,720
"08NN026",135,64.27,82.6,108,152.25,200.1,720
"08NN026",136,65.2,84.9,110,155,205,720
"08NN026",137,66.78,86.875,112,157,207.1,720
"08NN026",138,69.04,87.95,113.5,161,210,720
"08NN026",139,70.58,89.2,116,164,213.2,720
"08NN026",140,71.79,90.875,121,168,215.1,720
"08NN026",141,74.43,91.975,123,169,216,720
"08NN026",142,76.49,93.425,125,171.25,216,720
"08NN026",143,76.99,94.575,126.5,172,217,720
"08NN026",144,77.09,94.675,128.5,173,217,720
"08NN026",145,76.9,94.4,129,174,217.1,720
"08NN026",146,75.75,94.475,129,173,218,720
"08NN026",147,73.59,94.475,130,173,217.1,720
"08NN026",148,72.89,94.4,130.5,172.25,217,720
"08NN026",149,72.76,95.55,129.5,172,215.1,720
"08NN026",150,71.9,95.55,129,170.25,216.1,720
"08NN026",151,70.5,94.325,128.5,169,213,720
"08NN026",152,69.5,92.3,127,167,210.2,720
"08NN026",153,67.59,90.075,125,163,203.3,720
"08NN026",154,65.77,88.975,124,160,199.2,720
"08NN026",155,63.5,86.075,122,158,197,720
"08NN026",156,62.59,83.475,118,155,194.1,720
"08NN026",157,59.7,80.05,115.5,153,192.1,720
"08NN026",158,55.28,76.575,112,151,190,720
"08NN026",159,52.19,73.75,110,149,184,720
"08NN026",160,50.59,71.025,108,145,180.1,720
"08NN026",161,47.51,68.725,104,141,179,720
"08NN026",162,46,66.225,100,139,176,720
"08NN026",163,44.06,64.6,93.7,135.25,174.1,720
"08NN026",164,41.3,62.575,89.3,132.25,170.1,720
"08NN026",165,39.89,58.75,85.75,130,169,720
"08NN026",166,37.48,55.375,82,125.25,163.1,720
"08NN026",167,35.98,52.475,79,123.25,161,720
"08NN026",168,33.4,51.2,76.95,119.25,159,720
"08NN026",169,32.19,48,73.95,116,157,720
"08NN026",170,30.8,46.075,71,112,154,720
"08NN026",171,28.78,44.1,68.1,108,148.1,720
"08NN026",172,26.9,41.25,66.25,105,146.1,720
"08NN026",173,25.29,38.975,64.6,100,142,720
"08NN026",174,23.99,37.425,62.05,97.5,138.1,720
"08NN026",175,23.16,35.775,58.75,95.4,133.1,720
"08NN026",176,21.38,33.85,55.9,92.35,126,720
"08NN026",177,20.18,32.75,52.35,89.225,121,720
"08NN026",178,19.29,31,50.05,86.225,117,720
"08NN026",179,18.59,29.8,47.65,85.125,113.1,720
"08NN026",180,18.28,28.325,45.9,82.525,110,720
"08NN026",181,17.3,26.975,43.1,80.125,108,720
"08NN026",182,16.7,25.5,41.05,75.725,103,720
"08NN026",183,16.1,24.275,39,70.75,98.7,720
"08NN026",184,15.27,23.175,37.65,67.65,95.62,720
"08NN026",185,14.88,21.6,35.05,64.65,92.5,720
"08NN026",186,14.38,20.8,33.7,61.725,89.94,720
"08NN026",187,13.3,19.975,32.2,57.825,86.84,720
"08NN026",188,13.06,18.975,30.9,54,84.62,720
"08NN026",189,12.5,18.175,29.75,50.925,82.33,720
"08NN026",190,11.8,17.2,28.45,48.55,78.26,720
"08NN026",191,11.4,16.375,26.65,45.625,73.21,720
"08NN026",192,10.69,15.575,24.8,44.2,70.02,720
"08NN026",193,10.29,14.8,23.45,42.2,65.81,720
"08NN026",194,9.648,13.875,22.3,40,62.32,720
"08NN026",195,9.141,13.2,21.4,38.1,60.15,720
"08NN026",196,8.474,12.5,20.2,36.55,56.36,720
"08NN026",197,7.812,11.8,19.05,34.4,53.64,720
"08NN026",198,7.413,11.2,17.85,32.6,52.03,720
"08NN026",199,6.896,10.575,17.25,30.525,48.45,720
"08NN026",200,6.456,10,16.5,29.45,45.02,720
"08NN026",201,6.083,9.397,15.65,27.2,43.03,720
"08NN026",202,5.917,8.825,14.8,25.725,40.31,720
"08NN026",203,5.688,8.285,13.8,24.2,38.3,720
"08NN026",204,5.38,7.82,12.9,22.825,36.9,720
"08NN026",205,5.208,7.427,12.4,21.7,34.65,720
"08NN026",206,4.945,7.128,11.75,20.125,33.11,720
"08NN026",207,4.711,6.788,11.05,19,30.51,720
"08NN026",208,4.398,6.407,10.3,17.825,28.41,720
"08NN026",209,4.209,6.028,9.82,16.95,26.81,720
"08NN026",210,3.96,5.798,9.31,16.1,25.24,720
"08NN026",211,3.798,5.608,8.66,15.325,24.22,720
"08NN026",212,3.66,5.387,8.25,14.7,22.91,720
"08NN026",213,3.569,5.19,7.895,13.925,22.21,720
"08NN026",214,3.459,4.98,7.675,13.4,20.72,720
"08NN026",215,3.299,4.77,7.345,12.8,19.6,720
"08NN026",216,3.187,4.597,7,12.2,18.31,720
"08NN026",217,3.037,4.467,6.815,11.7,17.6,720
"08NN026",218,2.92,4.258,6.525,11,16.53,720
"08NN026",219,2.819,4.068,6.34,10.525,16.1,720
"08NN026",220,2.75,3.93,6.14,10.125,15.54,720
"08NN026",221,2.688,3.82,5.895,9.768,15.21,720
"08NN026",222,2.63,3.675,5.685,9.582,15.02,720
"08NN026",223,2.56,3.565,5.495,9.12,14.9,720
"08NN026",224,2.52,3.498,5.365,8.78,14.71,720
"08NN026",225,2.428,3.448,5.165,8.462,14.21,720
"08NN026",226,2.339,3.347,5.03,8.253,13.9,720
"08NN026",227,2.29,3.277,4.965,7.96,13.71,720
"08NN026",228,2.26,3.21,4.92,7.758,13.2,720
"08NN026",229,2.178,3.138,4.815,7.5,12.51,720
"08NN026",230,2.139,3.05,4.695,7.28,12.01,720
"08NN026",231,2.076,2.978,4.52,7.192,11.7,720
"08NN026",232,2.01,2.94,4.395,6.945,11.12,720
"08NN026",233,1.99,2.893,4.305,6.783,10.7,720
"08NN026",234,1.949,2.86,4.235,6.605,10.41,720
"08NN026",235,1.938,2.807,4.19,6.462,10.21,720
"08NN026",236,1.917,2.797,4.155,6.345,10.02,720
"08NN026",237,1.878,2.757,4.1,6.242,10.01,720
"08NN026",238,1.857,2.728,4.005,6.095,10,720
"08NN026",239,1.83,2.67,3.975,6.025,9.91,720
"08NN026",240,1.809,2.6,3.935,6.045,9.882,720
"08NN026",241,1.78,2.55,3.88,6.09,9.88,720
"08NN026",242,1.779,2.498,3.79,6.165,9.88,720
"08NN026",243,1.769,2.47,3.79,6.242,9.88,720
"08NN026",244,1.74,2.425,3.755,6.338,9.88,720
"08NN026",245,1.73,2.35,3.74,6.39,9.871,720
"08NN026",246,1.709,2.255,3.69,6.375,9.871,720
"08NN026",247,1.669,2.23,3.645,6.375,9.871,720
"08NN026",248,1.659,2.19,3.64,6.333,9.88,720
"08NN026",249,1.648,2.18,3.63,6.283,9.907,720
"08NN026",250,1.62,2.148,3.61,6.253,10.01,720
"08NN026",251,1.61,2.128,3.58,6.208,10.01,720
"08NN026",252,1.599,2.08,3.55,6.35,10.01,720
"08NN026",253,1.589,2.06,3.515,6.35,10.11,720
"08NN026",254,1.579,2.03,3.455,6.208,10.32,720
"08NN026",255,1.56,2,3.41,6.125,10.74,720
"08NN026",256,1.56,1.988,3.33,6.082,11.53,720
"08NN026",257,1.579,1.998,3.24,6.023,11.8,720
"08NN026",258,1.58,2,3.2,6.013,11.8,720
"08NN026",259,1.58,2.007,3.15,5.99,11.9,720
"08NN026",260,1.58,2.007,3.105,5.96,12,720
"08NN026",261,1.59,1.995,3.095,5.997,12.11,720
"08NN026",262,1.59,1.978,3.09,5.997,12.01,720
"08NN026",263,1.59,1.98,3.09,6.025,12.11,720
"08NN026",264,1.59,1.978,3.08,6.102,12.2,720
"08NN026",265,1.59,1.988,3.065,6.11,12.2,720
"08NN026",266,1.599,1.99,3.035,6.315,12.2,720
"08NN026",267,1.6,1.99,3.005,6.257,12.11,700
"08NN026",268,1.6,2.002,3.005,6.207,12,674
"08NN026",269,1.595,1.99,3.005,6.207,11.9,646
"08NN026",270,1.59,1.99,2.99,6.207,11.8,618
"08NN026",271,1.577,1.988,2.97,6.143,11.63,588
"08NN026",272,1.56,1.96,2.95,6.085,11.53,558
"08NN026",273,1.547,1.94,2.97,5.83,11.29,528
"08NN026",274,1.53,1.902,2.95,5.515,11.2,498
"08NN026",275,1.517,1.887,2.94,5.115,11.1,468
"08NN026",276,1.5,1.853,2.92,5.07,11.03,438
"08NN026",277,1.49,1.825,2.885,4.905,10.93,408
"08NN026",278,1.464,1.782,2.865,4.745,10.25,378
"08NN026",279,1.44,1.767,2.81,4.535,9.524,348
"08NN026",280,1.42,1.73,2.695,4.222,8.838,318
"08NN026",281,1.41,1.7,2.59,4.04,8.173,288
"08NN026",282,1.407,1.672,2.475,3.92,8.083,278
"08NN026",283,1.379,1.67,2.515,3.92,7.766,274
"08NN026",284,1.343,1.67,2.63,3.925,7.822,272
"08NN026",285,1.34,1.672,2.735,3.985,7.873,270
"08NN026",286,1.34,1.682,2.86,4.035,7.873,270
"08NN026",287,1.403,1.693,2.9,4.085,7.873,270
"08NN026",288,1.41,1.703,2.96,4.148,7.873,270
"08NN026",289,1.464,1.72,2.99,4.358,7.873,270
"08NN026",290,1.497,1.74,3.045,4.53,8.097,270
"08NN026",291,1.509,1.772,3.065,4.705,8.505,270
"08NN026",292,1.52,1.838,3.08,4.85,10.97,270
"08NN026",293,1.53,2.012,3.13,4.867,12.81,270
"08NN026",294,1.559,2.16,3.195,5.022,12.92,270
"08NN026",295,1.578,2.275,3.255,5.185,13.11,270
"08NN026",296,1.589,2.425,3.31,5.34,13.26,270
"08NN026",297,1.609,2.495,3.345,5.435,13.82,270
"08NN026",298,1.619,2.537,3.43,5.47,14.12,270
"08NN026",299,1.7,2.61,3.51,5.527,14.12,270
"08NN026",300,1.729,2.612,3.615,5.692,14.31,270
"08NN026",301,1.818,2.622,3.9,5.853,14.42,270
"08NN026",302,1.818,2.627,4.105,5.902,14.67,270
"08NN026",303,1.818,2.655,4.31,6.102,15.31,270
"08NN026",304,1.818,2.655,4.45,6.408,15.51,270
"08NN026",305,1.818,2.655,4.485,6.975,15.62,270
"08NN026",306,1.798,2.678,4.585,7.135,15.81,270
"08NN026",307,1.775,2.703,4.64,7.645,15.97,270
"08NN026",308,1.73,2.715,4.725,8.83,16.02,270
"08NN026",309,1.729,2.738,4.85,9.155,16.02,270
"08NN026",310,1.729,2.782,4.89,9.155,16.02,270
"08NN026",311,1.729,2.862,4.965,9.155,16.02,270
"08NN026",312,1.718,2.877,5.025,9.155,16.02,270
"08NN026",313,1.695,2.877,5.095,9.485,16.02,270
"08NN026",314,1.63,2.877,5.15,9.207,15.99,270
"08NN026",315,1.617,2.862,5.19,9.013,15.99,270
"08NN026",316,1.578,2.792,5.245,8.922,15.62,270
"08NN026",317,1.555,2.665,5.285,8.643,14.59,270
"08NN026",318,1.555,2.615,5.25,8.258,13.72,270
"08NN026",319,1.578,2.552,5.21,8.258,12.46,270
"08NN026",320,1.589,2.393,5.18,8.258,12.22,270
"08NN026",321,1.599,2.342,5.16,8.24,11.93,270
"08NN026",322,1.598,2.31,5.155,8.145,11.8,270
"08NN026",323,1.598,2.26,5.12,8.025,11.34,270
"08NN026",324,1.555,2.233,5.11,8.008,11.21,270
"08NN026",325,1.499,2.185,5.02,7.997,11.21,270
"08NN026",326,1.499,2.105,4.915,7.845,11.34,270
"08NN026",327,1.499,2.085,4.77,7.715,11.71,270
"08NN026",328,1.486,2.052,4.68,7.597,11.71,270
"08NN026",329,1.448,2.052,4.48,7.51,11.71,270
"08NN026",330,1.439,2.027,4.435,7.48,11.71,270
"08NN026",331,1.419,1.998,4.315,7.472,11.71,270
"08NN026",332,1.41,1.925,4.185,7.447,11.34,270
"08NN026",333,1.4,1.92,4.06,7.44,11.1,270
"08NN026",334,1.398,1.92,3.995,7.4,11.1,270
"08NN026",335,1.38,1.92,3.98,7.375,10.73,270
"08NN026",336,1.379,1.92,3.98,7.212,10.52,270
"08NN026",337,1.36,1.92,3.98,6.945,10.31,270
"08NN026",338,1.35,1.925,4,6.753,10.21,270
"08NN026",339,1.347,1.925,4,6.59,10.21,270
"08NN026",340,1.318,1.925,3.98,6.59,10.21,270
"08NN026",341,1.356,1.94,3.955,6.67,10.11,270
"08NN026",342,1.356,1.95,3.975,6.67,10.01,270
"08NN026",343,1.36,1.95,3.94,6.67,9.982,270
"08NN026",344,1.379,1.94,3.92,6.663,9.8,270
"08NN026",345,1.38,1.932,3.895,6.552,9.505,270
"08NN026",346,1.379,1.94,3.895,6.255,9.097,270
"08NN026",347,1.397,1.995,3.92,6.15,9.043,270
"08NN026",348,1.409,2.122,3.92,6.15,8.983,270
"08NN026",349,1.409,2.153,3.92,6.138,8.92,270
"08NN026",350,1.409,2.153,3.905,6.097,8.855,270
"08NN026",351,1.4,2.12,3.89,6.068,8.765,270
"08NN026",352,1.4,1.945,3.83,6.068,8.765,270
"08NN026",353,1.399,1.94,3.735,5.98,8.765,270
"08NN026",354,1.4,1.945,3.7,5.92,8.732,270
"08NN026",355,1.409,1.965,3.66,5.79,8.694,270
"08NN026",356,1.428,1.99,3.605,5.732,8.732,270
"08NN026",357,1.43,2.025,3.565,5.588,8.732,270
"08NN026",358,1.43,2.062,3.515,5.343,8.559,270
"08NN026",359,1.43,2.11,3.48,5.29,8.616,257
"08NN026",360,1.43,2.133,3.45,5.207,8.405,256
"08NN026",361,1.442,2.125,3.4,5.005,8.008,255
"08NN026",362,1.46,2.153,3.365,4.907,7.826,254
"08NN026",363,1.474,2.15,3.33,4.86,7.63,253
"08NN026",364,1.492,2.158,3.22,4.845,7.34,252
"08NN026",365,1.51,2.16,3.15,4.825,7.31,251
"08NN026",366,1.51,2.163,3.14,4.737,7.161,250
