"STATION_NUMBER","year","month","monthly_mean"
"08NN003",1914,2,48.133
"08NN003",1914,3,7.936
"08NN003",1914,4,47.043
"08NN003",1914,5,78.735
"08NN003",1914,6,46.753
"08NN003",1914,7,9.879
"08NN003",1914,8,1.304
"08NN003",1914,9,2.591
"08NN003",1915,1,4.944
"08NN003",1915,2,5.167
"08NN003",1915,3,5.733
"08NN003",1915,4,25.594
"08NN003",1915,5,52.313
"08NN003",1915,6,24.273
"08NN003",1915,7,15.846
"08NN003",1915,8,7.001
"08NN003",1915,9,2.672
"08NN003",1915,10,3.066
"08NN003",1915,11,4.196
"08NN003",1915,12,4.976
"08NN003",1916,2,1.853
"08NN003",1916,3,2.679
"08NN003",1916,4,15.251
"08NN003",1916,5,42.655
"08NN003",1916,6,38.423
"08NN003",1916,7,21.383
"08NN003",1916,8,4.719
"08NN003",1916,9,2.069
"08NN003",1916,10,1.541
"08NN003",1916,11,1.514
"08NN003",1916,12,1.171
"08NN003",1917,1,0.991
"08NN003",1917,2,0.991
"08NN003",1917,3,0.997
"08NN003",1917,4,2.974
"08NN003",1917,5,47.239
"08NN003",1917,6,43.557
"08NN003",1917,7,8.896
"08NN003",1917,8,1.679
"08NN003",1917,9,1.287
"08NN003",1917,10,1.294
"08NN003",1917,11,1.799
"08NN003",1917,12,1.27
"08NN003",1918,1,1.7
"08NN003",1918,2,1.56
"08NN003",1918,3,1.84
"08NN003",1918,4,17.147
"08NN003",1918,5,38.952
"08NN003",1918,6,24.315
"08NN003",1918,7,4.764
"08NN003",1918,8,3.093
"08NN003",1918,9,1.315
"08NN003",1918,10,1.591
"08NN003",1918,11,1.964
"08NN003",1918,12,1.42
"08NN003",1919,1,1.42
"08NN003",1919,2,1.42
"08NN003",1919,3,1.572
"08NN003",1919,4,18.912
"08NN003",1919,5,51.245
"08NN003",1919,6,30.343
"08NN003",1919,7,6.092
"08NN003",1919,8,1.526
"08NN003",1919,9,1.737
"08NN003",1919,10,1.466
"08NN003",1919,11,1.838
"08NN003",1919,12,1.42
"08NN003",1920,1,1.13
"08NN003",1920,2,1.13
"08NN003",1920,3,1.432
"08NN003",1920,4,2.832
"08NN003",1920,5,27.268
"08NN003",1920,6,38.217
"08NN003",1920,7,9.9
"08NN003",1920,8,1.591
"08NN003",1920,9,3.209
"08NN003",1920,10,5.068
"08NN003",1920,11,2.764
"08NN003",1920,12,2.507
"08NN003",1921,1,2.55
"08NN003",1921,2,2.55
"08NN003",1921,3,2.124
"08NN003",1921,4,14.631
"08NN003",1921,5,71.965
"08NN003",1921,6,49.613
"08NN003",1921,7,6.568
"08NN003",1921,8,1.65
"08NN003",1921,9,1.481
"08NN003",1975,4,9.605
"08NN003",1975,5,70.135
"08NN003",1975,6,50.937
"08NN003",1975,7,9.412
"08NN003",1975,8,2.569
"08NN003",1975,9,2.152
"08NN003",1975,10,1.28
"08NN003",1976,3,2.023
"08NN003",1976,4,17.064
"08NN003",1976,5,81.968
"08NN003",1976,6,50.897
"08NN003",1976,7,16.055
"08NN003",1976,8,16.161
"08NN003",1976,9,10.443
"08NN003",1977,3,1.85
"08NN003",1977,4,18.59
"08NN003",1977,5,42.252
"08NN003",1977,6,23.316
"08NN003",1977,7,3.799
"08NN003",1977,8,1.019
"08NN003",1977,9,1.152
"08NN003",1978,3,20.2
"08NN003",1978,4,34.357
"08NN003",1978,5,58.906
"08NN003",1978,6,39.23
"08NN003",1978,7,9.242
"08NN003",1978,8,2.587
"08NN003",1978,9,10.274
"08NN003",1978,10,8.24
"08NN003",1979,3,3.34
"08NN003",1979,4,11.243
"08NN003",1979,5,56.6
"08NN003",1979,6,16.55
"08NN003",1979,7,3.906
"08NN003",1979,8,1.096
"08NN003",1979,9,1.259
"08NN003",1980,4,37.219
"08NN003",1980,5,52.445
"08NN003",1980,6,26.323
"08NN003",1980,7,8.624
"08NN003",1980,8,2.336
"08NN003",1980,9,3.36
"08NN003",1981,3,9.63
"08NN003",1981,4,22.568
"08NN003",1981,5,74.274
"08NN003",1981,6,48.493
"08NN003",1981,7,25.026
"08NN003",1981,8,7.52
"08NN003",1981,9,3.179
"08NN003",1982,3,6.92
"08NN003",1982,4,17.292
"08NN003",1982,5,79.168
"08NN003",1982,6,39.803
"08NN003",1982,7,33.011
"08NN003",1982,8,6.709
"08NN003",1982,9,5.166
"08NN003",1983,3,24.35
"08NN003",1983,4,57.71
"08NN003",1983,5,100.665
"08NN003",1983,6,44.007
"08NN003",1983,7,24.029
"08NN003",1983,8,8.263
"08NN003",1983,9,6.307
"08NN003",1984,4,37.413
"08NN003",1984,5,62.861
"08NN003",1984,6,75.157
"08NN003",1984,7,15.56
"08NN003",1984,8,3.609
"08NN003",1984,9,2.839
"08NN003",1984,10,2.32
"08NN003",1985,3,1.76
"08NN003",1985,4,17.229
"08NN003",1985,5,52.026
"08NN003",1985,6,21.073
"08NN003",1985,7,1.753
"08NN003",1985,8,0.924
"08NN003",1985,9,3.824
"08NN003",1986,3,6.99
"08NN003",1986,4,35.21
"08NN003",1986,5,68.503
"08NN003",1986,6,32.255
"08NN003",1986,7,9.626
"08NN003",1986,8,2.055
"08NN003",1986,9,2.294
"08NN003",1987,4,27.034
"08NN003",1987,5,37.971
"08NN003",1987,6,7.918
"08NN003",1987,7,2.428
"08NN003",1987,8,0.958
"08NN003",1987,9,0.508
"08NN003",1988,3,1.35
"08NN003",1988,4,25.236
"08NN003",1988,5,35.945
"08NN003",1988,6,20.313
"08NN003",1988,7,5.51
"08NN003",1988,8,1.006
"08NN003",1988,9,0.804
"08NN003",1989,4,25.527
"08NN003",1989,5,44.923
"08NN003",1989,6,22.958
"08NN003",1989,7,4.656
"08NN003",1989,8,2.253
"08NN003",1989,9,2.261
"08NN003",1990,4,34.23
"08NN003",1990,5,51.619
"08NN003",1990,6,82.967
"08NN003",1990,7,16.655
"08NN003",1990,8,2.985
"08NN003",1990,9,1.846
"08NN003",1991,4,33.954
"08NN003",1991,5,67.819
"08NN003",1991,6,40.68
"08NN003",1991,7,13.791
"08NN003",1991,8,3.371
"08NN003",1991,9,1.478
"08NN003",1992,4,23.877
"08NN003",1992,5,27.535
"08NN003",1992,6,10.105
"08NN003",1992,7,11.186
"08NN003",1992,8,2.638
"08NN003",1992,9,1.518
"08NN003",1993,3,2.36
"08NN003",1993,4,32.831
"08NN003",1993,5,71.645
"08NN003",1993,6,26.167
"08NN003",1993,7,24.784
"08NN003",1993,8,9.582
"08NN003",1993,9,3.496
"08NN003",1994,4,68.153
"08NN003",1994,5,48.919
"08NN003",1994,6,23.428
"08NN003",1994,7,4.595
"08NN003",1994,8,1.432
"08NN003",1994,9,1.359
"08NN003",1995,4,44.557
"08NN003",1995,5,76.855
"08NN003",1995,6,35.003
"08NN003",1995,7,5.144
"08NN003",1995,8,2.868
"08NN003",1995,9,1.278
"08NN003",1996,4,57.317
"08NN003",1996,5,71.468
"08NN003",1996,6,59.473
"08NN003",1996,7,13.109
"08NN003",1996,8,3.011
"08NN003",1996,9,3.83
"08NN003",1997,4,51.827
"08NN003",1997,5,98.532
"08NN003",1997,6,70.293
"08NN003",1997,7,35.333
"08NN003",1997,8,5.733
"08NN003",1997,9,5.834
"08NN003",1998,4,52.627
"08NN003",1998,5,71.31
"08NN003",1998,6,27.813
"08NN003",1998,7,10.218
"08NN003",1998,8,1.751
"08NN003",1998,9,0.99
"08NN003",1999,4,46.777
"08NN003",1999,5,74.99
"08NN003",1999,6,53.62
"08NN003",1999,7,20.827
"08NN003",1999,8,4.675
"08NN003",1999,9,2.526
"08NN003",2000,4,46.185
"08NN003",2000,5,49.942
"08NN003",2000,6,37.377
"08NN003",2000,7,8.79
"08NN003",2000,8,1.784
"08NN003",2000,9,2.018
"08NN003",2001,4,9.476
"08NN003",2001,5,40.477
"08NN003",2001,6,24.073
"08NN003",2001,7,6.008
"08NN003",2001,8,2.278
"08NN003",2001,9,0.791
"08NN003",2002,4,30.394
"08NN003",2002,5,63.71
"08NN003",2002,6,41.97
"08NN003",2002,7,5.927
"08NN003",2002,8,0.941
"08NN003",2002,9,0.704
"08NN003",2003,4,30.344
"08NN003",2003,5,52.945
"08NN003",2003,6,26.182
"08NN003",2003,7,2.548
"08NN003",2003,8,0.451
"08NN003",2003,9,0.523
"08NN003",2004,4,40.547
"08NN003",2004,5,46.11
"08NN003",2004,6,30.817
"08NN003",2004,7,7.513
"08NN003",2004,8,2.156
"08NN003",2004,9,4.999
"08NN003",2005,4,45.823
"08NN003",2005,5,55.49
"08NN003",2005,6,26.82
"08NN003",2005,7,7.512
"08NN003",2005,8,1.34
"08NN003",2005,9,1.002
"08NN003",2006,4,43.557
"08NN003",2006,5,92.871
"08NN003",2006,6,49.983
"08NN003",2006,7,5.082
"08NN003",2006,8,1.043
"08NN003",2006,9,0.862
"08NN003",2007,4,31.61
"08NN003",2007,5,44.161
"08NN003",2007,6,21.972
"08NN003",2007,7,6.905
"08NN003",2007,8,0.983
"08NN003",2007,9,0.653
"08NN003",2007,10,1.984
"08NN003",2007,11,1.595
"08NN003",2007,12,1.483
"08NN003",2008,1,1.03
"08NN003",2008,2,0.944
"08NN003",2008,3,1.428
"08NN003",2008,4,4.069
"08NN003",2008,5,59.306
"08NN003",2008,6,34
"08NN003",2008,7,4.59
"08NN003",2008,8,0.984
"08NN003",2008,9,0.746
"08NN003",2008,10,0.948
"08NN003",2008,11,1.779
"08NN003",2008,12,1.488
"08NN003",2009,1,1.302
"08NN003",2009,2,1.025
"08NN003",2009,3,1.123
"08NN003",2009,4,5.994
"08NN003",2009,5,39.974
"08NN003",2009,6,20.565
"08NN003",2009,7,3.325
"08NN003",2009,8,0.878
"08NN003",2009,9,0.644
"08NN003",2009,10,0.914
"08NN003",2009,11,1.072
"08NN003",2009,12,0.73
"08NN003",2010,1,0.959
"08NN003",2010,2,1.531
"08NN003",2010,3,3.335
"08NN003",2010,4,21.237
"08NN003",2010,5,45.761
"08NN003",2010,6,45.867
"08NN003",2010,7,7.478
"08NN003",2010,8,1.407
"08NN003",2010,9,1.708
"08NN003",2010,10,1.716
"08NN003",2010,11,2.362
"08NN003",2010,12,1.754
"08NN003",2011,1,1.329
"08NN003",2011,2,1.662
"08NN003",2011,3,3.703
"08NN003",2011,4,9.346
"08NN003",2011,5,88.019
"08NN003",2011,6,85.36
"08NN003",2011,7,17.064
"08NN003",2011,8,2.744
"08NN003",2011,9,0.916
"08NN003",2011,10,1.35
"08NN003",2011,11,1.016
"08NN003",2011,12,0.86
"08NN003",2012,1,0.805
"08NN003",2012,2,0.801
"08NN003",2012,3,1.505
"08NN003",2012,4,31.208
"08NN003",2012,5,60.548
"08NN003",2012,6,57.46
"08NN003",2012,7,24.271
"08NN003",2012,8,3.055
"08NN003",2012,9,1.069
"08NN003",2012,10,1.185
"08NN003",2012,11,3.389
"08NN003",2012,12,3.484
"08NN003",2013,1,2.685
"08NN003",2013,2,2.44
"08NN003",2013,3,7.128
"08NN003",2013,4,49.033
"08NN003",2013,5,76.858
"08NN003",2013,6,43.003
"08NN003",2013,7,10.258
"08NN003",2013,8,2.329
"08NN003",2013,9,2.002
"08NN003",2013,10,2.953
"08NN003",2013,11,2.641
"08NN003",2013,12,2.165
"08NN003",2014,1,1.683
"08NN003",2014,2,1.713
"08NN003",2014,3,2.563
"08NN003",2014,4,19.121
"08NN003",2014,5,63.981
"08NN003",2014,6,31.53
"08NN003",2014,7,7.061
"08NN003",2014,8,1.799
"08NN003",2014,9,1.475
"08NN003",2014,10,2.109
"08NN003",2014,11,4.084
"08NN003",2014,12,2.956
"08NN003",2015,1,2.987
"08NN003",2015,2,11.789
"08NN003",2015,3,24.917
"08NN003",2015,4,31.563
"08NN003",2015,5,29.874
"08NN003",2015,6,14.239
"08NN003",2015,7,1.909
"08NN003",2015,8,0.702
"08NN003",2015,9,0.775
"08NN003",2015,10,0.927
"08NN003",2015,11,1.418
"08NN003",2015,12,1.256
"08NN003",2016,1,1.613
"08NN003",2016,2,3.428
"08NN003",2016,3,15.288
"08NN003",2016,4,75.233
"08NN003",2016,5,47.339
"08NN003",2016,6,19.663
"08NN003",2016,7,8.68
"08NN003",2016,8,2.358
"08NN003",2016,9,1.479
"08NN003",2016,10,4.829
"08NN003",2016,11,8.588
"08NN003",2016,12,4.084
"08NN003",2017,1,3.767
"08NN003",2017,2,3.549
"08NN003",2017,3,6.914
"08NN003",2017,4,45.833
"08NN003",2017,5,103.384
"08NN003",2017,6,39.397
"08NN003",2017,7,4.343
"08NN003",2017,8,0.969
"08NN003",2017,9,0.627
"08NN003",2017,10,0.971
"08NN003",2017,11,1.475
"08NN003",2017,12,1.192
"08NN003",2018,1,1.156
"08NN003",2018,2,1.552
"08NN003",2018,3,3.755
"08NN003",2018,4,46.462
"08NN003",2018,5,135.777
"08NN003",2018,6,22.587
"08NN003",2018,7,4.798
"08NN003",2018,8,1.149
"08NN003",2018,9,1.126
"08NN003",2018,10,1.551
"08NN003",2018,11,3.288
"08NN003",2018,12,1.591
"08NN003",2019,1,1.514
"08NN003",2019,2,1.173
"08NN003",2019,3,1.906
"08NN003",2019,4,29.562
"08NN003",2019,5,35.439
"08NN003",2019,6,9.476
"08NN003",2019,7,5.339
"08NN003",2019,8,1.709
"08NN003",2019,9,3.067
"08NN003",2019,10,5.009
"08NN003",2019,11,4.163
"08NN003",2019,12,2.922
"08NN003",2020,1,2.686
"08NN003",2020,2,2.677
"08NN003",2020,3,3.283
"08NN003",2020,4,37.353
"08NN003",2020,5,102.765
"08NN003",2020,6,54.423
"08NN003",2020,7,11.696
"08NN003",2020,8,1.725
"08NN003",2020,9,0.884
"08NN003",2020,10,1.419
"08NN003",2020,11,1.985
"08NN003",2020,12,1.665
"08NN003",2021,1,1.708
"08NN003",2021,2,1.535
"08NN003",2021,3,3.068
"08NN003",2021,4,32.409
"08NN003",2021,5,48.658
"08NN003",2021,6,16.957
"08NN003",2021,7,1.767
"08NN003",2021,8,0.599
"08NN003",2021,9,0.57
"08NN003",2021,10,1.105
"08NN003",2021,11,2.232
"08NN003",2021,12,2.565
"08NN003",2022,1,1.933
"08NN003",2022,2,2.075
"08NN003",2022,3,5.537
"08NN003",2022,4,16.777
"08NN003",2022,5,46.91
"08NN003",2022,6,64.8
"08NN003",2022,7,14.676
"08NN003",2022,8,2.059
"08NN003",2022,9,1.046
"08NN003",2022,10,0.851
"08NN003",2022,11,0.987
"08NN003",2022,12,1.05
"08NN003",2023,1,1.369
"08NN003",2023,2,1.074
"08NN003",2023,3,1.272
"08NN003",2023,4,12.855
"08NN003",2023,5,103.126
"08NN003",2023,6,15.755
"08NN003",2023,7,4.466
"08NN003",2023,8,1.078
"08NN003",2023,9,0.77
"08NN003",2023,10,0.954
"08NN003",2023,11,1.064
"08NN003",2023,12,1.17
"08NN003",2024,1,1.28
"08NN003",2024,2,5.093
"08NN003",2024,3,9.142
"08NN003",2024,4,27.723
"08NN003",2024,5,40.865
"08NN003",2024,6,23.347
"08NN003",2024,7,4.962
"08NN003",2024,8,1.284
"08NN003",2024,9,0.915
"08NN003",2024,10,1.345
"08NN003",2024,11,2.068
"08NN003",2024,12,1.56
"08NN015",1949,6,3.704
"08NN015",1949,7,1.687
"08NN015",1949,8,1.342
"08NN015",1949,9,1.071
"08NN015",1950,7,3.763
"08NN015",1950,8,1.015
"08NN015",1950,9,0.332
"08NN015",1951,7,2.175
"08NN015",1951,8,0.462
"08NN015",1951,9,0.513
"08NN015",1952,7,2.716
"08NN015",1952,8,0.39
"08NN015",1952,9,0.226
"08NN015",1953,7,4.678
"08NN015",1953,8,1.016
"08NN015",1953,9,1.007
"08NN015",1954,7,6.815
"08NN015",1954,8,2.085
"08NN015",1954,9,3.818
"08NN015",1955,6,26.6
"08NN015",1955,7,7.212
"08NN015",1955,8,1.114
"08NN015",1955,9,0.544
"08NN015",1956,7,1.7
"08NN015",1956,8,0.486
"08NN015",1956,9,0.515
"08NN015",1956,10,1.04
"08NN015",1957,7,2.487
"08NN015",1957,8,1.977
"08NN015",1957,9,0.614
"08NN015",1964,11,0.898
"08NN015",1964,12,1.073
"08NN015",1965,1,0.65
"08NN015",1965,2,0.507
"08NN015",1965,3,0.507
"08NN015",1965,4,2.668
"08NN015",1965,5,13.219
"08NN015",1965,6,15.088
"08NN015",1965,7,2.005
"08NN015",1965,8,2.212
"08NN015",1965,9,2.622
"08NN015",1965,10,1.25
"08NN015",1965,11,0.823
"08NN015",1965,12,0.323
"08NN015",1966,1,0.313
"08NN015",1966,2,0.272
"08NN015",1966,3,0.3
"08NN015",1966,4,1.247
"08NN015",1966,5,12.075
"08NN015",1966,6,10.884
"08NN015",1966,7,3.284
"08NN015",1966,8,0.793
"08NN015",1966,9,0.478
"08NN015",1966,10,0.718
"08NN015",1966,11,0.937
"08NN015",1966,12,0.946
"08NN015",1967,1,0.656
"08NN015",1967,2,0.351
"08NN015",1967,3,0.358
"08NN015",1967,4,0.665
"08NN015",1967,5,10.465
"08NN015",1967,6,19.933
"08NN015",1967,7,1.909
"08NN015",1967,8,0.276
"08NN015",1967,9,0.169
"08NN015",1967,10,0.56
"08NN015",1967,11,1.072
"08NN015",1967,12,0.419
"08NN015",1968,1,0.369
"08NN015",1968,2,0.338
"08NN015",1968,3,0.517
"08NN015",1968,4,0.87
"08NN015",1968,5,13.612
"08NN015",1968,6,17.858
"08NN015",1968,7,3.6
"08NN015",1968,8,1.608
"08NN015",1968,9,2.256
"08NN015",1968,10,1.855
"08NN015",1968,11,1.668
"08NN015",1968,12,0.881
"08NN015",1969,1,0.22
"08NN015",1969,2,0.202
"08NN015",1969,3,0.243
"08NN015",1969,4,3.488
"08NN015",1969,5,18.679
"08NN015",1969,6,9.506
"08NN015",1969,7,2.595
"08NN015",1969,8,0.326
"08NN015",1969,9,0.641
"08NN015",1969,10,1.431
"08NN015",1969,11,1.591
"08NN015",1969,12,0.451
"08NN015",1970,1,0.346
"08NN015",1970,2,0.324
"08NN015",1970,3,0.301
"08NN015",1970,4,0.331
"08NN015",1970,5,9.962
"08NN015",1970,6,11.001
"08NN015",1970,7,0.908
"08NN015",1970,8,0.187
"08NN015",1970,9,0.205
"08NN015",1970,10,0.23
"08NN015",1970,11,0.228
"08NN015",1970,12,0.22
"08NN015",1971,1,0.258
"08NN015",1971,2,0.248
"08NN015",1971,3,0.388
"08NN015",1971,4,2.475
"08NN015",1971,5,19.468
"08NN015",1971,6,20.01
"08NN015",1971,7,6.185
"08NN015",1971,8,0.516
"08NN015",1971,9,0.402
"08NN015",1971,10,0.3
"08NN015",1971,11,0.275
"08NN015",1971,12,0.2
"08NN015",1972,1,0.177
"08NN015",1972,2,0.247
"08NN015",1972,3,0.463
"08NN015",1972,4,1.047
"08NN015",1972,5,19.008
"08NN015",1972,6,22.827
"08NN015",1972,7,6.337
"08NN015",1972,8,0.717
"08NN015",1972,9,0.65
"08NN015",1972,10,0.856
"08NN015",1972,11,0.581
"08NN015",1972,12,0.391
"08NN015",1973,1,0.289
"08NN015",1973,2,0.235
"08NN015",1973,3,0.229
"08NN015",1973,4,1.018
"08NN015",1973,5,12.453
"08NN015",1973,6,8.841
"08NN015",1973,7,1.208
"08NN015",1973,8,0.208
"08NN015",1973,9,0.282
"08NN015",1973,10,1.293
"08NN015",1973,11,0.844
"08NN015",1973,12,0.507
"08NN015",1974,1,0.31
"08NN015",1974,2,0.31
"08NN015",1974,3,0.656
"08NN015",1974,4,3.008
"08NN015",1974,5,9.965
"08NN015",1974,8,0.637
"08NN015",1974,9,0.304
"08NN015",1974,10,0.208
"08NN015",1974,11,0.184
"08NN015",1974,12,0.179
"08NN015",1975,1,0.194
"08NN015",1975,2,0.191
"08NN015",1975,3,0.325
"08NN015",1975,4,0.676
"08NN015",1975,5,9.672
"08NN015",1975,6,22.071
"08NN015",1975,7,4.405
"08NN015",1975,8,1.031
"08NN015",1975,9,0.756
"08NN015",1975,10,0.461
"08NN015",1975,11,0.706
"08NN015",1975,12,0.518
"08NN015",1976,1,0.436
"08NN015",1976,2,0.439
"08NN015",1976,3,0.27
"08NN015",1976,4,0.737
"08NN015",1976,5,18.253
"08NN015",1976,6,18.928
"08NN015",1976,7,7.644
"08NN015",1976,8,6.224
"08NN015",1976,9,3.519
"08NN015",1976,10,1.368
"08NN015",1976,11,0.681
"08NN015",1976,12,0.354
"08NN015",1977,1,0.214
"08NN015",1977,2,0.19
"08NN015",1977,3,0.222
"08NN015",1977,4,3.126
"08NN015",1977,5,12.461
"08NN015",1977,6,10.552
"08NN015",1977,7,1.281
"08NN015",1977,8,0.355
"08NN015",1977,9,0.381
"08NN015",1977,10,0.376
"08NN015",1977,11,0.299
"08NN015",1977,12,0.257
"08NN015",1978,1,0.201
"08NN015",1978,2,0.216
"08NN015",1978,3,0.524
"08NN015",1978,4,2.695
"08NN015",1978,5,11.964
"08NN015",1978,6,17.288
"08NN015",1978,7,3.917
"08NN015",1978,8,1.027
"08NN015",1978,9,5.613
"08NN015",1978,10,2.248
"08NN015",1978,11,1.09
"08NN015",1978,12,0.79
"08NN015",1979,1,0.296
"08NN015",1979,2,0.354
"08NN015",1979,3,0.436
"08NN015",1979,4,1.337
"08NN015",1979,5,16.204
"08NN015",1979,6,8.581
"08NN015",1979,7,2.148
"08NN015",1979,8,0.386
"08NN015",1979,9,0.571
"08NN015",1979,10,0.442
"08NN015",1979,11,0.251
"08NN015",1979,12,0.164
"08NN015",1980,1,0.154
"08NN015",1980,2,0.299
"08NN015",1980,3,0.953
"08NN015",1980,4,8.166
"08NN015",1980,5,17.516
"08NN015",1980,6,8.082
"08NN015",1980,7,2.612
"08NN015",1980,8,0.8
"08NN015",1980,9,1.253
"08NN015",1980,10,0.758
"08NN015",1980,11,0.898
"08NN015",1980,12,0.419
"08NN015",1981,1,0.567
"08NN015",1981,2,0.6
"08NN015",1981,3,0.641
"08NN015",1981,4,1.88
"08NN015",1981,5,17.461
"08NN015",1981,6,15.747
"08NN015",1981,7,8.548
"08NN015",1981,8,1.856
"08NN015",1981,9,1.016
"08NN015",1981,10,2.839
"08NN015",1981,11,2.407
"08NN015",1981,12,1.638
"08NN015",1982,1,0.573
"08NN015",1982,2,0.469
"08NN015",1982,3,0.266
"08NN015",1982,4,0.888
"08NN015",1982,5,13.19
"08NN015",1982,6,19.69
"08NN015",1982,7,11.913
"08NN015",1982,8,1.784
"08NN015",1982,9,1.997
"08NN015",1982,10,2.206
"08NN015",1982,11,0.962
"08NN015",1982,12,0.739
"08NN015",1983,1,0.505
"08NN015",1983,2,0.551
"08NN015",1983,3,1.215
"08NN015",1983,4,3.776
"08NN015",1983,5,18.374
"08NN015",1983,6,15.029
"08NN015",1983,7,5.475
"08NN015",1983,8,1.606
"08NN015",1983,9,2.016
"08NN015",1983,10,0.802
"08NN015",1983,11,2.163
"08NN015",1983,12,0.607
"08NN015",1984,1,0.891
"08NN015",1984,2,0.564
"08NN015",1984,3,0.646
"08NN015",1984,4,2.322
"08NN015",1984,5,8.806
"08NN015",1984,6,23.577
"08NN015",1984,7,6.225
"08NN015",1984,8,1.213
"08NN015",1984,9,1.61
"08NN015",1984,10,1.102
"08NN015",1984,11,0.601
"08NN015",1984,12,0.416
"08NN015",1985,1,0.252
"08NN015",1985,2,0.248
"08NN015",1985,3,0.249
"08NN015",1985,4,2.545
"08NN015",1985,5,17.603
"08NN015",1985,6,9.646
"08NN015",1985,7,0.574
"08NN015",1985,8,0.282
"08NN015",1985,9,2.096
"08NN015",1985,10,2.27
"08NN015",1985,11,1.336
"08NN015",1985,12,0.597
"08NN015",1986,1,0.406
"08NN015",1986,2,0.36
"08NN015",1986,3,0.766
"08NN015",1986,4,3.132
"08NN015",1986,5,14.925
"08NN015",1986,6,12.669
"08NN015",1986,7,4.018
"08NN015",1986,8,0.494
"08NN015",1986,9,0.661
"08NN015",1986,10,1.497
"08NN015",1986,11,0.669
"08NN015",1986,12,0.41
"08NN015",1987,1,0.36
"08NN015",1987,2,0.28
"08NN015",1987,3,0.917
"08NN015",1987,4,3.939
"08NN015",1987,5,12.255
"08NN015",1987,6,2.794
"08NN015",1987,7,0.834
"08NN015",1987,8,0.315
"08NN015",1987,9,0.149
"08NN015",1987,10,0.127
"08NN015",1987,11,0.16
"08NN015",1987,12,0.139
"08NN015",1988,1,0.132
"08NN015",1988,2,0.129
"08NN015",1988,3,0.158
"08NN015",1988,4,4.806
"08NN015",1988,5,13.108
"08NN015",1988,6,9.11
"08NN015",1988,7,2.128
"08NN015",1988,8,0.336
"08NN015",1988,9,0.351
"08NN015",1988,10,1.689
"08NN015",1988,11,1.254
"08NN015",1988,12,0.608
"08NN015",1989,1,0.376
"08NN015",1989,2,0.25
"08NN015",1989,3,0.266
"08NN015",1989,4,3.067
"08NN015",1989,5,12.4
"08NN015",1989,6,11.4
"08NN015",1989,7,1.961
"08NN015",1989,8,0.911
"08NN015",1989,9,0.937
"08NN015",1989,10,0.535
"08NN015",1989,11,1.703
"08NN015",1989,12,1.149
"08NN015",1990,1,0.518
"08NN015",1990,2,0.421
"08NN015",1990,3,0.526
"08NN015",1990,4,6.854
"08NN015",1990,5,14.191
"08NN015",1990,6,22.457
"08NN015",1990,7,6.078
"08NN015",1990,8,0.749
"08NN015",1990,9,0.444
"08NN015",1990,10,0.592
"08NN015",1990,11,1.17
"08NN015",1990,12,0.566
"08NN015",1991,1,0.353
"08NN015",1991,2,0.485
"08NN015",1991,3,0.449
"08NN015",1991,4,3.367
"08NN015",1991,5,16.91
"08NN015",1991,6,17.351
"08NN015",1991,7,5.097
"08NN015",1991,8,1.01
"08NN015",1991,9,0.345
"08NN015",1991,10,0.209
"08NN015",1991,11,0.279
"08NN015",1991,12,0.239
"08NN015",1992,1,0.242
"08NN015",1992,2,0.269
"08NN015",1992,3,1.004
"08NN015",1992,4,4.534
"08NN015",1992,5,10.597
"08NN015",1992,6,4.518
"08NN015",1992,7,3.439
"08NN015",1992,8,0.753
"08NN015",1992,9,0.565
"08NN015",1992,10,0.62
"08NN015",1992,11,0.597
"08NN015",1992,12,0.397
"08NN015",1993,1,0.385
"08NN015",1993,2,0.364
"08NN015",1993,3,0.353
"08NN015",1993,4,3.021
"08NN015",1993,5,22.758
"08NN015",1993,6,7.75
"08NN015",1993,7,5.335
"08NN015",1993,8,2.211
"08NN015",1993,9,0.865
"08NN015",1993,10,1.03
"08NN015",1993,11,0.679
"08NN015",1993,12,0.556
"08NN015",1994,1,0.482
"08NN015",1994,2,0.438
"08NN015",1994,3,0.749
"08NN015",1994,4,8.703
"08NN015",1994,5,14.911
"08NN015",1994,6,8.582
"08NN015",1994,7,1.617
"08NN015",1994,8,0.388
"08NN015",1994,9,0.382
"08NN015",1994,10,0.355
"08NN015",1994,11,0.327
"08NN015",1994,12,0.366
"08NN015",1995,1,0.326
"08NN015",1995,2,0.443
"08NN015",1995,3,0.851
"08NN015",1995,4,2.483
"08NN015",1995,5,13.801
"08NN015",1995,6,12.108
"08NN015",1995,7,1.798
"08NN015",1995,8,1.356
"08NN015",1995,9,0.351
"08NN015",1995,10,1.097
"08NN015",1995,11,1.689
"08NN015",1995,12,1.861
"08NN015",1996,1,0.868
"08NN015",1996,2,0.439
"08NN015",1996,3,1
"08NN015",1996,4,5.701
"08NN015",1996,5,11.128
"08NN015",1996,6,17.7
"08NN015",1996,7,5.244
"08NN015",1996,8,1.034
"08NN015",1996,9,1.809
"08NN015",1996,10,1.528
"08NN015",1996,11,1.727
"08NN015",1996,12,0.965
"08NN015",1997,1,0.643
"08NN015",1997,2,0.646
"08NN015",1997,3,0.815
"08NN015",1997,4,4.785
"08NN015",1997,5,22.04
"08NN015",1997,6,21.963
"08NN015",1997,7,10.773
"08NN015",1997,8,1.38
"08NN015",1997,9,1.951
"08NN015",1997,10,2.789
"08NN015",1997,11,1.459
"08NN015",1997,12,0.849
"08NN015",1998,1,0.45
"08NN015",1998,2,0.432
"08NN015",1998,3,0.783
"08NN015",1998,4,4.348
"08NN015",1998,5,16.026
"08NN015",1998,6,6.34
"08NN015",1998,7,1.463
"08NN015",1998,8,0.253
"08NN015",1998,9,0.108
"08NN015",1998,10,0.376
"08NN015",1998,11,0.454
"08NN015",1998,12,0.427
"08NN015",1999,1,0.347
"08NN015",1999,2,0.244
"08NN015",1999,3,0.844
"08NN015",1999,4,4.033
"08NN015",1999,5,13.213
"08NN015",1999,6,20.987
"08NN015",1999,7,8.452
"08NN015",1999,8,1.688
"08NN015",1999,9,0.905
"08NN015",1999,10,0.93
"08NN015",1999,11,2.785
"08NN015",1999,12,1.55
"08NN015",2000,1,0.651
"08NN015",2000,2,0.524
"08NN015",2000,3,0.427
"08NN015",2000,4,5.554
"08NN015",2000,5,12.71
"08NN015",2000,6,16.507
"08NN015",2000,7,3.957
"08NN015",2000,8,0.575
"08NN015",2000,9,0.939
"08NN015",2000,10,0.778
"08NN015",2000,11,0.5
"08NN015",2000,12,0.34
"08NN015",2001,1,0.215
"08NN015",2001,2,0.176
"08NN015",2001,3,0.198
"08NN015",2001,4,1.628
"08NN015",2001,5,11.719
"08NN015",2001,6,10.791
"08NN015",2001,7,2.37
"08NN015",2001,8,1.04
"08NN015",2001,9,0.328
"08NN015",2001,10,0.425
"08NN015",2001,11,1.487
"08NN015",2001,12,0.788
"08NN015",2002,1,0.844
"08NN015",2002,2,0.429
"08NN015",2002,3,0.345
"08NN015",2002,4,2.683
"08NN015",2002,5,14.655
"08NN015",2002,6,17.883
"08NN015",2002,7,2.46
"08NN015",2002,8,0.327
"08NN015",2002,9,0.278
"08NN015",2002,10,0.297
"08NN015",2002,11,0.215
"08NN015",2002,12,0.369
"08NN015",2003,1,0.25
"08NN015",2003,2,0.2
"08NN015",2003,3,0.236
"08NN015",2003,4,3.32
"08NN015",2003,5,10.617
"08NN015",2003,6,12.252
"08NN015",2003,7,1.009
"08NN015",2003,8,0.141
"08NN015",2003,9,0.175
"08NN015",2003,10,0.838
"08NN015",2003,11,0.56
"08NN015",2003,12,0.334
"08NN015",2004,1,0.243
"08NN015",2004,2,0.204
"08NN015",2004,3,0.29
"08NN015",2004,4,5.752
"08NN015",2004,5,16.211
"08NN015",2004,6,12.257
"08NN015",2004,7,2.167
"08NN015",2004,8,0.695
"08NN015",2004,9,3.038
"08NN015",2004,10,1.515
"08NN015",2004,11,1.288
"08NN015",2004,12,2.113
"08NN015",2005,1,2.484
"08NN015",2005,2,1.974
"08NN015",2005,3,1.685
"08NN015",2005,4,5.475
"08NN015",2005,5,15.632
"08NN015",2005,6,9.79
"08NN015",2005,7,2.091
"08NN015",2005,8,0.313
"08NN015",2005,9,0.255
"08NN015",2005,10,1.153
"08NN015",2005,11,0.557
"08NN015",2005,12,0.389
"08NN015",2006,1,0.288
"08NN015",2006,2,0.295
"08NN015",2006,3,0.317
"08NN015",2006,4,4.003
"08NN015",2006,5,20.021
"08NN015",2006,6,15.386
"08NN015",2006,7,1.341
"08NN015",2006,8,0.189
"08NN015",2006,9,0.187
"08NN015",2006,10,0.226
"08NN015",2006,11,0.501
"08NN015",2006,12,0.318
"08NN015",2007,1,0.236
"08NN015",2007,2,0.247
"08NN015",2007,3,1.486
"08NN015",2007,4,4.283
"08NN015",2007,5,12.525
"08NN015",2007,6,10.95
"08NN015",2007,7,2.563
"08NN015",2007,8,0.277
"08NN015",2007,9,0.217
"08NN015",2007,10,0.885
"08NN015",2007,11,0.597
"08NN015",2007,12,0.402
"08NN015",2008,1,0.33
"08NN015",2008,2,0.324
"08NN015",2008,3,0.314
"08NN015",2008,4,0.67
"08NN015",2008,5,17.365
"08NN015",2008,6,13.216
"08NN015",2008,7,2.226
"08NN015",2008,8,0.54
"08NN015",2008,9,0.299
"08NN015",2008,10,0.492
"08NN015",2008,11,0.905
"08NN015",2008,12,0.374
"08NN015",2009,1,0.301
"08NN015",2009,2,0.155
"08NN015",2009,3,0.148
"08NN015",2009,4,0.236
"08NN015",2009,5,10.002
"08NN015",2009,6,10.718
"08NN015",2009,7,1.494
"08NN015",2009,8,0.364
"08NN015",2009,9,0.188
"08NN015",2009,10,0.385
"08NN015",2009,11,0.428
"08NN015",2009,12,0.273
"08NN015",2010,1,0.221
"08NN015",2010,2,0.216
"08NN015",2010,3,0.265
"08NN015",2010,4,2.959
"08NN015",2010,5,11.303
"08NN015",2010,6,14.364
"08NN015",2010,7,2.683
"08NN015",2010,8,0.358
"08NN015",2010,9,0.84
"08NN015",2010,10,0.719
"08NN015",2010,11,1.023
"08NN015",2010,12,0.521
"08NN015",2011,1,0.31
"08NN015",2011,2,0.217
"08NN015",2011,3,0.195
"08NN015",2011,4,0.551
"08NN015",2011,5,14.16
"08NN015",2011,6,22.487
"08NN015",2011,7,6.851
"08NN015",2011,8,0.905
"08NN015",2011,9,0.212
"08NN015",2011,10,0.42
"08NN015",2011,11,0.28
"08NN015",2011,12,0.209
"08NN015",2012,1,0.157
"08NN015",2012,2,0.144
"08NN015",2012,3,0.159
"08NN015",2012,4,4.204
"08NN015",2012,5,14.041
"08NN015",2012,6,23.07
"08NN015",2012,7,8.286
"08NN015",2012,8,0.673
"08NN015",2012,9,0.152
"08NN015",2012,10,0.226
"08NN015",2012,11,1.122
"08NN015",2012,12,0.777
"08NN015",2013,1,0.379
"08NN015",2013,2,0.242
"08NN015",2013,3,0.577
"08NN015",2013,4,4.445
"08NN015",2013,5,21.193
"08NN015",2013,6,15.688
"08NN015",2013,7,2.632
"08NN015",2013,8,0.427
"08NN015",2013,9,0.586
"08NN015",2013,10,1.048
"08NN015",2013,11,0.699
"08NN015",2013,12,0.414
"08NN015",2014,1,0.4
"08NN015",2014,2,0.206
"08NN015",2014,3,0.247
"08NN015",2014,4,1.927
"08NN015",2014,5,18.164
"08NN015",2014,6,14.829
"08NN015",2014,7,2.624
"08NN015",2014,8,0.541
"08NN015",2014,9,0.569
"08NN015",2014,10,1.211
"08NN015",2014,11,1.719
"08NN015",2014,12,1.065
"08NN015",2015,1,0.893
"08NN015",2015,2,1.802
"08NN015",2015,3,2.983
"08NN015",2015,4,4.689
"08NN015",2015,5,11.014
"08NN015",2015,6,5.671
"08NN015",2015,7,0.56
"08NN015",2015,8,0.157
"08NN015",2015,9,0.207
"08NN015",2015,10,0.241
"08NN015",2015,11,0.37
"08NN015",2015,12,0.292
"08NN015",2016,1,0.214
"08NN015",2016,2,0.339
"08NN015",2016,3,0.792
"08NN015",2016,4,12.551
"08NN015",2016,5,17.306
"08NN015",2016,6,9.367
"08NN015",2016,7,3.775
"08NN015",2016,8,0.683
"08NN015",2016,9,0.469
"08NN015",2016,10,2.156
"08NN015",2016,11,3.087
"08NN015",2016,12,0.806
"08NN015",2017,1,0.415
"08NN015",2017,2,0.408
"08NN015",2017,3,0.82
"08NN015",2017,4,3.364
"08NN015",2017,5,22.806
"08NN015",2017,6,13.572
"08NN015",2017,7,1.052
"08NN015",2017,8,0.154
"08NN015",2017,9,0.109
"08NN015",2017,10,0.242
"08NN015",2017,11,0.395
"08NN015",2017,12,0.386
"08NN015",2018,1,0.249
"08NN015",2018,2,0.217
"08NN015",2018,3,0.305
"08NN015",2018,4,2.38
"08NN015",2018,5,26.637
"08NN015",2018,6,10.393
"08NN015",2018,7,1.72
"08NN015",2018,8,0.224
"08NN015",2018,9,0.347
"08NN015",2018,10,0.574
"08NN015",2018,11,1.428
"08NN015",2018,12,0.627
"08NN015",2019,1,0.442
"08NN015",2019,2,0.509
"08NN015",2019,3,0.476
"08NN015",2019,4,3.634
"08NN015",2019,5,12.145
"08NN015",2019,6,4.403
"08NN015",2019,7,2.685
"08NN015",2019,8,0.629
"08NN015",2019,9,1.721
"08NN015",2019,10,2.179
"08NN015",2019,11,1.277
"08NN015",2019,12,0.806
"08NN015",2020,1,0.528
"08NN015",2020,2,0.487
"08NN015",2020,3,0.537
"08NN015",2020,4,3.144
"08NN015",2020,5,22.035
"08NN015",2020,6,19.496
"08NN015",2020,7,4.926
"08NN015",2020,8,0.477
"08NN015",2020,9,0.222
"08NN015",2020,10,0.56
"08NN015",2020,11,1.009
"08NN015",2020,12,0.4
"08NN015",2021,1,0.28
"08NN015",2021,2,0.233
"08NN015",2021,3,0.265
"08NN015",2021,4,3.795
"08NN015",2021,5,13.806
"08NN015",2021,6,8.708
"08NN015",2021,7,0.667
"08NN015",2021,8,0.135
"08NN015",2021,9,0.167
"08NN015",2021,10,0.381
"08NN015",2021,11,0.778
"08NN015",2021,12,0.782
"08NN015",2022,1,0.419
"08NN015",2022,2,0.274
"08NN015",2022,3,0.396
"08NN015",2022,4,1.278
"08NN015",2022,5,9.456
"08NN015",2022,6,20.8
"08NN015",2022,7,5.117
"08NN015",2022,8,0.339
"08NN015",2022,9,0.122
"08NN015",2022,10,0.138
"08NN015",2022,11,0.243
"08NN015",2022,12,0.161
"08NN015",2023,1,0.154
"08NN015",2023,2,0.113
"08NN015",2023,3,0.104
"08NN015",2023,4,0.768
"08NN015",2023,5,26.69
"08NN015",2023,6,6.01
"08NN015",2023,7,1.607
"08NN015",2023,8,0.223
"08NN015",2023,9,0.172
"08NN015",2023,10,0.227
"08NN015",2023,11,0.189
"08NN015",2023,12,0.225
"08NN015",2024,1,0.213
"08NN015",2024,2,1.043
"08NN015",2024,3,0.767
"08NN015",2024,4,2.892
"08NN015",2024,5,10.698
"08NN015",2024,6,9.599
"08NN015",2024,7,1.917
"08NN015",2024,8,0.471
"08NN015",2024,9,0.342
"08NN015",2024,10,0.642
"08NN015",2024,11,0.697
"08NN015",2024,12,0.5
"08NN019",1965,6,2.4
"08NN019",1965,8,1.014
"08NN019",1965,9,0.493
"08NN019",1965,10,0.294
"08NN019",1965,11,0.168
"08NN019",1965,12,0.118
"08NN019",1966,1,0.113
"08NN019",1966,2,0.131
"08NN019",1966,3,0.158
"08NN019",1966,4,1.136
"08NN019",1966,5,4.078
"08NN019",1966,6,2.414
"08NN019",1966,7,0.926
"08NN019",1966,8,0.313
"08NN019",1966,9,0.197
"08NN019",1966,10,0.193
"08NN019",1966,11,0.323
"08NN019",1966,12,0.363
"08NN019",1967,1,0.252
"08NN019",1967,2,0.183
"08NN019",1967,3,0.185
"08NN019",1967,4,0.702
"08NN019",1967,5,5.669
"08NN019",1967,6,5.616
"08NN019",1967,7,0.644
"08NN019",1967,8,0.112
"08NN019",1967,9,0.05
"08NN019",1967,10,0.174
"08NN019",1967,11,0.266
"08NN019",1967,12,0.187
"08NN019",1968,1,0.15
"08NN019",1968,2,0.187
"08NN019",1968,3,0.56
"08NN019",1968,4,1.08
"08NN019",1968,5,6.605
"08NN019",1968,6,5.389
"08NN019",1968,7,0.859
"08NN019",1968,8,0.559
"08NN019",1968,9,0.583
"08NN019",1968,10,0.533
"08NN019",1968,11,0.552
"08NN019",1968,12,0.319
"08NN019",1969,1,0.116
"08NN019",1969,2,0.138
"08NN019",1969,3,0.286
"08NN019",1969,4,3.577
"08NN019",1969,5,9.37
"08NN019",1969,6,2.961
"08NN019",1969,7,0.829
"08NN019",1969,8,0.186
"08NN019",1969,9,0.235
"08NN019",1969,10,0.473
"08NN019",1969,11,0.441
"08NN019",1969,12,0.121
"08NN019",1970,1,0.112
"08NN019",1970,2,0.119
"08NN019",1970,3,0.16
"08NN019",1970,4,0.476
"08NN019",1970,5,5.08
"08NN019",1970,6,2.666
"08NN019",1970,7,0.312
"08NN019",1970,8,0.087
"08NN019",1970,9,0.094
"08NN019",1970,10,0.156
"08NN019",1970,11,0.195
"08NN019",1970,12,0.109
"08NN019",1971,1,0.122
"08NN019",1971,2,0.154
"08NN019",1971,3,0.362
"08NN019",1971,4,2.053
"08NN019",1971,5,9.085
"08NN019",1971,6,5.985
"08NN019",1971,7,1.933
"08NN019",1971,8,0.251
"08NN019",1971,9,0.207
"08NN019",1971,10,0.15
"08NN019",1971,11,0.144
"08NN019",1971,12,0.092
"08NN019",1972,1,0.092
"08NN019",1972,2,0.11
"08NN019",1972,3,0.245
"08NN019",1972,4,1.683
"08NN019",1972,5,11.082
"08NN019",1972,6,7.413
"08NN019",1972,7,1.878
"08NN019",1972,8,0.381
"08NN019",1972,9,0.273
"08NN019",1972,10,0.254
"08NN019",1972,11,0.237
"08NN019",1972,12,0.188
"08NN019",1973,1,0.124
"08NN019",1973,2,0.133
"08NN019",1973,3,0.183
"08NN019",1973,4,0.716
"08NN019",1973,5,5.53
"08NN019",1973,6,1.869
"08NN019",1973,7,0.345
"08NN019",1973,8,0.073
"08NN019",1973,9,0.114
"08NN019",1973,10,0.379
"08NN019",1973,11,0.398
"08NN019",1973,12,0.342
"08NN019",1974,1,0.247
"08NN019",1974,2,0.237
"08NN019",1974,3,0.363
"08NN019",1974,4,3.769
"08NN019",1974,5,8.16
"08NN019",1974,6,9.14
"08NN019",1974,7,1.367
"08NN019",1974,8,0.423
"08NN019",1974,9,0.172
"08NN019",1974,10,0.128
"08NN019",1974,11,0.154
"08NN019",1974,12,0.167
"08NN019",1975,1,0.149
"08NN019",1975,2,0.135
"08NN019",1975,3,0.158
"08NN019",1975,4,1.151
"08NN019",1975,5,7.687
"08NN019",1975,6,6.043
"08NN019",1975,7,1.06
"08NN019",1975,8,0.331
"08NN019",1975,9,0.247
"08NN019",1975,10,0.179
"08NN019",1975,11,0.194
"08NN019",1975,12,0.207
"08NN019",1976,1,0.22
"08NN019",1976,2,0.224
"08NN019",1976,3,0.175
"08NN019",1976,4,2.036
"08NN019",1976,5,10.13
"08NN019",1976,6,6.445
"08NN019",1976,7,1.825
"08NN019",1976,8,2.694
"08NN019",1976,9,1.264
"08NN019",1976,10,0.597
"08NN019",1976,11,0.423
"08NN019",1976,12,0.315
"08NN019",1977,1,0.251
"08NN019",1977,2,0.164
"08NN019",1977,3,0.204
"08NN019",1977,4,2.62
"08NN019",1977,5,5.084
"08NN019",1977,6,2.705
"08NN019",1977,7,0.387
"08NN019",1977,8,0.134
"08NN019",1977,9,0.155
"08NN019",1977,10,0.149
"08NN019",1977,11,0.158
"08NN019",1977,12,0.149
"08NN019",1978,1,0.111
"08NN019",1978,2,0.123
"08NN019",1978,3,0.412
"08NN019",1978,4,3.326
"08NN019",1978,5,6.477
"08NN019",1978,6,4.207
"08NN019",1978,7,1.076
"08NN019",1978,8,0.414
"08NN019",1978,9,1.883
"08NN019",1978,10,0.775
"08NN019",1978,11,0.45
"08NN019",1978,12,0.35
"08NN019",1979,1,0.18
"08NN019",1979,2,0.218
"08NN019",1979,3,0.274
"08NN019",1979,4,1.707
"08NN019",1979,5,8.283
"08NN019",1979,6,2.253
"08NN019",1979,7,0.531
"08NN019",1979,8,0.143
"08NN019",1979,9,0.176
"08NN019",1979,10,0.179
"08NN019",1979,11,0.116
"08NN019",1979,12,0.103
"08NN019",1980,1,0.109
"08NN019",1980,2,0.133
"08NN019",1980,3,0.23
"08NN019",1980,4,4.667
"08NN019",1980,5,7.019
"08NN019",1980,6,2.86
"08NN019",1980,7,1.067
"08NN019",1980,8,0.304
"08NN019",1980,9,0.333
"08NN019",1980,10,0.216
"08NN019",1980,11,0.319
"08NN019",1980,12,0.262
"08NN019",1981,1,0.392
"08NN019",1981,2,0.379
"08NN019",1981,3,0.771
"08NN019",1981,4,2.315
"08NN019",1981,5,8.634
"08NN019",1981,6,5.383
"08NN019",1981,7,2.855
"08NN019",1981,8,0.896
"08NN019",1981,9,0.465
"08NN019",1981,10,1.09
"08NN019",1981,11,1.013
"08NN019",1981,12,1.029
"08NN019",1982,1,0.269
"08NN019",1982,2,0.287
"08NN019",1982,3,0.395
"08NN019",1982,4,1.691
"08NN019",1982,5,7.827
"08NN019",1982,6,4.616
"08NN019",1982,7,3.41
"08NN019",1982,8,0.7
"08NN019",1982,9,0.685
"08NN019",1982,10,0.673
"08NN019",1982,11,0.398
"08NN019",1982,12,0.397
"08NN019",1983,1,0.306
"08NN019",1983,2,0.401
"08NN019",1983,3,1.499
"08NN019",1983,4,4.767
"08NN019",1983,5,9.377
"08NN019",1983,6,4.13
"08NN019",1983,7,1.884
"08NN019",1983,8,0.58
"08NN019",1983,9,0.451
"08NN019",1983,10,0.314
"08NN019",1983,11,0.735
"08NN019",1983,12,0.212
"08NN019",1984,1,0.27
"08NN019",1984,2,0.279
"08NN019",1984,3,0.947
"08NN019",1984,4,3.315
"08NN019",1984,5,5.598
"08NN019",1984,6,7.878
"08NN019",1984,7,1.45
"08NN019",1984,8,0.323
"08NN019",1984,9,0.3
"08NN019",1984,10,0.272
"08NN019",1984,11,0.221
"08NN019",1984,12,0.174
"08NN019",1985,1,0.146
"08NN019",1985,2,0.139
"08NN019",1985,3,0.178
"08NN019",1985,4,2.194
"08NN019",1985,5,6.865
"08NN019",1985,6,2.096
"08NN019",1985,7,0.205
"08NN019",1985,8,0.109
"08NN019",1985,9,0.433
"08NN019",1985,10,0.558
"08NN019",1985,11,0.583
"08NN019",1985,12,0.281
"08NN019",1986,1,0.266
"08NN019",1986,2,0.253
"08NN019",1986,3,0.77
"08NN019",1986,4,3.241
"08NN019",1986,5,7.511
"08NN019",1986,6,3.607
"08NN019",1986,7,1.304
"08NN019",1986,8,0.238
"08NN019",1986,9,0.292
"08NN019",1986,10,0.523
"08NN019",1986,11,0.281
"08NN019",1986,12,0.207
"08NN019",1987,1,0.187
"08NN019",1987,2,0.18
"08NN019",1987,3,0.919
"08NN019",1987,4,2.974
"08NN019",1987,5,4.211
"08NN019",1987,6,0.772
"08NN019",1987,7,0.292
"08NN019",1987,8,0.094
"08NN019",1987,9,0.039
"08NN019",1987,10,0.053
"08NN019",1987,11,0.083
"08NN019",1987,12,0.082
"08NN019",1988,1,0.042
"08NN019",1988,2,0.043
"08NN019",1988,3,0.113
"08NN019",1988,4,2.37
"08NN019",1988,5,4.275
"08NN019",1988,6,1.776
"08NN019",1988,7,0.66
"08NN019",1988,8,0.123
"08NN019",1988,9,0.13
"08NN019",1988,10,0.362
"08NN019",1988,11,0.379
"08NN019",1988,12,0.193
"08NN019",1989,1,0.175
"08NN019",1989,2,0.114
"08NN019",1989,3,0.182
"08NN019",1989,4,2.727
"08NN019",1989,5,5.471
"08NN019",1989,6,2.371
"08NN019",1989,7,0.508
"08NN019",1989,8,0.257
"08NN019",1989,9,0.237
"08NN019",1989,10,0.158
"08NN019",1989,11,0.338
"08NN019",1989,12,0.287
"08NN019",1990,1,0.178
"08NN019",1990,2,0.152
"08NN019",1990,3,0.314
"08NN019",1990,4,4.015
"08NN019",1990,5,5.166
"08NN019",1990,6,7.892
"08NN019",1990,7,1.376
"08NN019",1990,8,0.323
"08NN019",1990,9,0.214
"08NN019",1990,10,0.244
"08NN019",1990,11,0.379
"08NN019",1990,12,0.228
"08NN019",1991,1,0.221
"08NN019",1991,2,0.352
"08NN019",1991,3,0.439
"08NN019",1991,4,4.446
"08NN019",1991,5,8.17
"08NN019",1991,6,3.83
"08NN019",1991,7,1.211
"08NN019",1991,8,0.329
"08NN019",1991,9,0.161
"08NN019",1991,10,0.109
"08NN019",1991,11,0.162
"08NN019",1991,12,0.154
"08NN019",1992,1,0.144
"08NN019",1992,2,0.217
"08NN019",1992,3,1.299
"08NN019",1992,4,3.185
"08NN019",1992,5,3.393
"08NN019",1992,6,1.093
"08NN019",1992,7,0.778
"08NN019",1992,8,0.244
"08NN019",1992,9,0.173
"08NN019",1992,10,0.187
"08NN019",1992,11,0.229
"08NN019",1992,12,0.161
"08NN019",1993,1,0.136
"08NN019",1993,2,0.139
"08NN019",1993,3,0.455
"08NN019",1993,4,3.589
"08NN019",1993,5,7.88
"08NN019",1993,6,2.71
"08NN019",1993,7,1.502
"08NN019",1993,8,0.671
"08NN019",1993,9,0.284
"08NN019",1993,10,0.327
"08NN019",1993,11,0.278
"08NN019",1993,12,0.263
"08NN019",1994,1,0.239
"08NN019",1994,2,0.22
"08NN019",1994,3,0.867
"08NN019",1994,4,5.838
"08NN019",1994,5,4.62
"08NN019",1994,6,2.197
"08NN019",1994,7,0.401
"08NN019",1994,8,0.125
"08NN019",1994,9,0.13
"08NN019",1994,10,0.138
"08NN019",1994,11,0.132
"08NN019",1994,12,0.145
"08NN019",1995,1,0.145
"08NN019",1995,2,0.223
"08NN019",1995,3,1.195
"08NN019",1995,4,3.338
"08NN019",1995,5,7.585
"08NN019",1995,6,3.313
"08NN019",1995,7,0.45
"08NN019",1995,8,0.248
"08NN019",1995,9,0.101
"08NN019",1995,10,0.382
"08NN019",1995,11,1.02
"08NN019",1995,12,0.762
"08NN019",1996,1,0.457
"08NN019",1996,2,0.406
"08NN019",1996,3,0.949
"08NN019",1996,4,5.077
"08NN019",1996,5,6.8
"08NN019",1996,6,6.104
"08NN019",1996,7,1.222
"08NN019",1996,8,0.246
"08NN019",1996,9,0.41
"08NN019",1996,10,0.662
"08NN019",1996,11,0.415
"08NN019",1996,12,0.422
"08NN019",1997,1,0.352
"08NN019",1997,2,0.297
"08NN019",1997,3,0.604
"08NN019",1997,4,4.679
"08NN019",1997,5,10.412
"08NN019",1997,6,6.715
"08NN019",1997,7,2.832
"08NN019",1997,8,0.634
"08NN019",1997,9,0.701
"08NN019",1997,10,1.099
"08NN019",1997,11,0.794
"08NN019",1997,12,0.506
"08NN019",1998,1,0.318
"08NN019",1998,2,0.357
"08NN019",1998,3,1.168
"08NN019",1998,4,4.664
"08NN019",1998,5,6.854
"08NN019",1998,6,2.367
"08NN019",1998,7,0.719
"08NN019",1998,8,0.174
"08NN019",1998,9,0.094
"08NN019",1998,10,0.165
"08NN019",1998,11,0.248
"08NN019",1998,12,0.227
"08NN019",1999,1,0.219
"08NN019",1999,2,0.186
"08NN019",1999,3,0.975
"08NN019",1999,4,4.981
"08NN019",1999,5,7.87
"08NN019",1999,6,6.266
"08NN019",1999,7,2.332
"08NN019",1999,8,0.499
"08NN019",1999,9,0.255
"08NN019",1999,10,0.231
"08NN019",1999,11,0.334
"08NN019",1999,12,0.41
"08NN019",2000,1,0.269
"08NN019",2000,2,0.243
"08NN019",2000,3,0.243
"08NN019",2000,4,4.763
"08NN019",2000,5,6.217
"08NN019",2000,6,4.61
"08NN019",2000,7,0.891
"08NN019",2000,8,0.139
"08NN019",2000,9,0.209
"08NN019",2000,10,0.173
"08NN019",2000,11,0.133
"08NN019",2000,12,0.119
"08NN019",2001,1,0.104
"08NN019",2001,2,0.093
"08NN019",2001,3,0.132
"08NN019",2001,4,1.166
"08NN019",2001,5,4.968
"08NN019",2001,6,2.891
"08NN019",2001,7,0.752
"08NN019",2001,8,0.271
"08NN019",2001,9,0.102
"08NN019",2001,10,0.164
"08NN019",2001,11,0.671
"08NN019",2001,12,0.622
"08NN019",2002,1,0.466
"08NN019",2002,2,0.33
"08NN019",2002,3,0.26
"08NN019",2002,4,2.828
"08NN019",2002,5,6.83
"08NN019",2002,6,4.293
"08NN019",2002,7,0.556
"08NN019",2002,8,0.106
"08NN019",2002,9,0.094
"08NN019",2002,10,0.098
"08NN019",2002,11,0.075
"08NN019",2002,12,0.109
"08NN019",2003,1,0.1
"08NN019",2003,2,0.099
"08NN019",2003,3,0.219
"08NN019",2003,4,2.445
"08NN019",2003,5,5.655
"08NN019",2003,6,2.647
"08NN019",2003,7,0.232
"08NN019",2003,8,0.042
"08NN019",2003,9,0.049
"08NN019",2003,10,0.279
"08NN019",2003,11,0.175
"08NN019",2003,12,0.13
"08NN019",2004,1,0.124
"08NN019",2004,2,0.105
"08NN019",2004,3,0.244
"08NN019",2004,4,4.402
"08NN019",2004,5,5.474
"08NN019",2004,6,3.088
"08NN019",2004,7,0.551
"08NN019",2004,8,0.224
"08NN019",2004,9,0.696
"08NN019",2004,10,0.459
"08NN019",2004,11,0.44
"08NN019",2004,12,0.604
"08NN019",2005,1,0.75
"08NN019",2005,2,0.746
"08NN019",2005,3,1.4
"08NN019",2005,4,4.735
"08NN019",2005,5,5.687
"08NN019",2005,6,2.295
"08NN019",2005,7,0.649
"08NN019",2005,8,0.098
"08NN019",2005,9,0.078
"08NN019",2005,10,0.189
"08NN019",2005,11,0.145
"08NN019",2005,12,0.128
"08NN019",2006,1,0.142
"08NN019",2006,2,0.145
"08NN019",2006,3,0.141
"08NN019",2006,4,3.388
"08NN019",2006,5,8.494
"08NN019",2006,6,4.449
"08NN019",2006,7,0.467
"08NN019",2006,8,0.063
"08NN019",2006,9,0.076
"08NN019",2006,10,0.093
"08NN019",2006,11,0.281
"08NN019",2006,12,0.07
"08NN019",2007,1,0.082
"08NN019",2007,2,0.1
"08NN019",2007,3,0.532
"08NN019",2007,4,2.817
"08NN019",2007,5,5.06
"08NN019",2007,6,2.516
"08NN019",2007,7,0.806
"08NN019",2007,8,0.093
"08NN019",2007,9,0.075
"08NN019",2007,10,0.284
"08NN019",2007,11,0.234
"08NN019",2007,12,0.209
"08NN019",2008,1,0.159
"08NN019",2008,2,0.131
"08NN019",2008,3,0.122
"08NN019",2008,4,0.577
"08NN019",2008,5,6.974
"08NN019",2008,6,3.329
"08NN019",2008,7,0.377
"08NN019",2008,8,0.128
"08NN019",2008,9,0.075
"08NN019",2008,10,0.115
"08NN019",2008,11,0.231
"08NN019",2008,12,0.119
"08NN019",2009,1,0.102
"08NN019",2009,2,0.101
"08NN019",2009,3,0.107
"08NN019",2009,4,0.908
"08NN019",2009,5,5.434
"08NN019",2009,6,2.242
"08NN019",2009,7,0.312
"08NN019",2009,8,0.08
"08NN019",2009,9,0.047
"08NN019",2009,10,0.117
"08NN019",2009,11,0.127
"08NN019",2009,12,0.059
"08NN019",2010,1,0.09
"08NN019",2010,2,0.08
"08NN019",2010,3,0.168
"08NN019",2010,4,1.757
"08NN019",2010,5,4.894
"08NN019",2010,6,4.5
"08NN019",2010,7,0.632
"08NN019",2010,8,0.094
"08NN019",2010,9,0.15
"08NN019",2010,10,0.127
"08NN019",2010,11,0.317
"08NN019",2010,12,0.141
"08NN019",2011,1,0.145
"08NN019",2011,2,0.171
"08NN019",2011,3,0.177
"08NN019",2011,4,0.496
"08NN019",2011,5,8.625
"08NN019",2011,6,7.573
"08NN019",2011,7,1.515
"08NN019",2011,8,0.228
"08NN019",2011,9,0.064
"08NN019",2011,10,0.147
"08NN019",2011,11,0.103
"08NN019",2011,12,0.088
"08NN019",2012,1,0.095
"08NN019",2012,2,0.103
"08NN019",2012,3,0.103
"08NN019",2012,4,2.237
"08NN019",2012,5,5.999
"08NN019",2012,6,5.427
"08NN019",2012,7,1.944
"08NN019",2012,8,0.247
"08NN019",2012,9,0.075
"08NN019",2012,10,0.124
"08NN019",2012,11,0.394
"08NN019",2012,12,0.257
"08NN019",2013,1,0.162
"08NN019",2013,2,0.123
"08NN019",2013,3,0.223
"08NN019",2013,4,3.568
"08NN019",2013,5,7.18
"08NN019",2013,6,3.842
"08NN019",2013,7,0.826
"08NN019",2013,8,0.158
"08NN019",2013,9,0.166
"08NN019",2013,10,0.224
"08NN019",2013,11,0.22
"08NN019",2013,12,0.196
"08NN019",2014,1,0.173
"08NN019",2014,2,0.132
"08NN019",2014,3,0.203
"08NN019",2014,4,1.703
"08NN019",2014,5,8.018
"08NN019",2014,6,3.49
"08NN019",2014,7,0.741
"08NN019",2014,8,0.196
"08NN019",2014,9,0.172
"08NN019",2014,10,0.308
"08NN019",2014,11,0.764
"08NN019",2014,12,0.369
"08NN019",2015,1,0.358
"08NN019",2015,2,0.955
"08NN019",2015,3,2.382
"08NN019",2015,4,3.267
"08NN019",2015,5,3.485
"08NN019",2015,6,1.494
"08NN019",2015,7,0.164
"08NN019",2015,8,0.047
"08NN019",2015,9,0.063
"08NN019",2015,10,0.074
"08NN019",2015,11,0.128
"08NN019",2015,12,0.114
"08NN019",2016,1,0.101
"08NN019",2016,2,0.106
"08NN019",2016,3,0.454
"08NN019",2016,4,6.532
"08NN019",2016,5,4.995
"08NN019",2016,6,1.747
"08NN019",2016,7,0.557
"08NN019",2016,8,0.172
"08NN019",2016,9,0.082
"08NN019",2016,10,0.622
"08NN019",2016,11,1.338
"08NN019",2016,12,0.321
"08NN019",2017,1,0.246
"08NN019",2017,2,0.165
"08NN019",2017,3,0.363
"08NN019",2017,4,4.542
"08NN019",2017,5,10.103
"08NN019",2017,6,4.46
"08NN019",2017,7,0.332
"08NN019",2017,8,0.059
"08NN019",2017,9,0.05
"08NN019",2017,10,0.095
"08NN019",2017,11,0.116
"08NN019",2017,12,0.111
"08NN019",2018,1,0.089
"08NN019",2018,2,0.083
"08NN019",2018,3,0.101
"08NN019",2018,4,1.334
"08NN019",2018,5,13.79
"08NN019",2018,6,2.287
"08NN019",2018,7,0.397
"08NN019",2018,8,0.058
"08NN019",2018,9,0.099
"08NN019",2018,10,0.166
"08NN019",2018,11,0.442
"08NN019",2018,12,0.152
"08NN019",2019,1,0.178
"08NN019",2019,2,0.141
"08NN019",2019,3,0.317
"08NN019",2019,4,3.178
"08NN019",2019,5,4.737
"08NN019",2019,6,1.025
"08NN019",2019,7,0.836
"08NN019",2019,8,0.212
"08NN019",2019,9,0.534
"08NN019",2019,10,0.78
"08NN019",2019,11,0.508
"08NN019",2019,12,0.375
"08NN019",2020,1,0.245
"08NN019",2020,2,0.218
"08NN019",2020,3,0.218
"08NN019",2020,4,2.952
"08NN019",2020,5,11.172
"08NN019",2020,6,4.619
"08NN019",2020,7,0.928
"08NN019",2020,8,0.122
"08NN019",2020,9,0.085
"08NN019",2020,10,0.17
"08NN019",2020,11,0.161
"08NN019",2020,12,0.118
"08NN019",2021,1,0.099
"08NN019",2021,2,0.084
"08NN019",2021,3,0.119
"08NN019",2021,4,2.734
"08NN019",2021,5,5.263
"08NN019",2021,6,1.404
"08NN019",2021,7,0.11
"08NN019",2021,8,0.03
"08NN019",2021,9,0.044
"08NN019",2021,10,0.116
"08NN019",2021,11,0.204
"08NN019",2021,12,0.196
"08NN019",2022,1,0.159
"08NN019",2022,2,0.145
"08NN019",2022,3,0.292
"08NN019",2022,4,1.392
"08NN019",2022,5,5.607
"08NN019",2022,6,4.141
"08NN019",2022,7,1.319
"08NN019",2022,8,0.132
"08NN019",2022,9,0.064
"08NN019",2022,10,0.059
"08NN019",2022,11,0.139
"08NN019",2022,12,0.083
"08NN019",2023,1,0.076
"08NN019",2023,2,0.048
"08NN019",2023,3,0.044
"08NN019",2023,4,0.484
"08NN019",2023,5,10.829
"08NN019",2023,6,1.326
"08NN019",2023,7,0.324
"08NN019",2023,8,0.082
"08NN019",2023,9,0.05
"08NN019",2023,10,0.057
"08NN019",2023,11,0.057
"08NN019",2023,12,0.054
"08NN019",2024,1,0.055
"08NN019",2024,2,0.374
"08NN019",2024,3,0.631
"08NN019",2024,4,2.738
"08NN019",2024,5,5.246
"08NN019",2024,6,2.788
"08NN019",2024,7,0.432
"08NN019",2024,8,0.091
"08NN019",2024,9,0.059
"08NN019",2024,10,0.122
"08NN019",2024,11,0.187
"08NN019",2024,12,0.143
"08NN026",1975,4,8.147
"08NN026",1975,5,87.055
"08NN026",1975,6,129.997
"08NN026",1975,7,26.991
"08NN026",1975,8,6.348
"08NN026",1975,9,5.423
"08NN026",1975,10,2.93
"08NN026",1976,3,3.45
"08NN026",1976,4,24.017
"08NN026",1976,5,144.894
"08NN026",1976,6,122.327
"08NN026",1976,7,49.829
"08NN026",1976,8,31.997
"08NN026",1976,9,21.94
"08NN026",1976,10,10.6
"08NN026",1977,3,2.71
"08NN026",1977,4,29.388
"08NN026",1977,5,89.471
"08NN026",1977,6,69.727
"08NN026",1977,7,11.391
"08NN026",1977,8,3.611
"08NN026",1977,9,3.709
"08NN026",1978,3,31.4
"08NN026",1978,4,42.283
"08NN026",1978,5,104.045
"08NN026",1978,6,111.863
"08NN026",1978,7,31.152
"08NN026",1978,8,7.968
"08NN026",1978,9,24.66
"08NN026",1978,10,21.55
"08NN026",1979,3,6.315
"08NN026",1979,4,15.506
"08NN026",1979,5,116.397
"08NN026",1979,6,57.757
"08NN026",1979,7,13.191
"08NN026",1979,8,3.121
"08NN026",1979,9,3.177
"08NN026",1980,4,48.635
"08NN026",1980,5,116.297
"08NN026",1980,6,51.733
"08NN026",1980,7,20.057
"08NN026",1980,8,6.516
"08NN026",1980,9,6.474
"08NN026",1981,4,25.987
"08NN026",1981,5,123.3
"08NN026",1981,6,105.177
"08NN026",1981,7,60.103
"08NN026",1981,8,19.705
"08NN026",1981,9,8.864
"08NN026",1982,3,9.93
"08NN026",1982,4,20.083
"08NN026",1982,5,115.597
"08NN026",1982,6,133.617
"08NN026",1982,7,76.477
"08NN026",1982,8,15.397
"08NN026",1982,9,9.427
"08NN026",1983,4,53.633
"08NN026",1983,5,140.023
"08NN026",1983,6,101.217
"08NN026",1983,7,37.106
"08NN026",1983,8,12.027
"08NN026",1983,9,11.189
"08NN026",1984,4,42.36
"08NN026",1984,5,85.581
"08NN026",1984,6,156.567
"08NN026",1984,7,47.09
"08NN026",1984,8,7.776
"08NN026",1984,9,6.217
"08NN026",1984,10,4.603
"08NN026",1985,3,2.42
"08NN026",1985,4,23.558
"08NN026",1985,5,120.59
"08NN026",1985,6,67.073
"08NN026",1985,7,6.678
"08NN026",1985,8,3.151
"08NN026",1985,9,8.955
"08NN026",1986,3,8.32
"08NN026",1986,4,44.65
"08NN026",1986,5,114.9
"08NN026",1986,6,87.237
"08NN026",1986,7,32.865
"08NN026",1986,8,6.566
"08NN026",1986,9,4.756
"08NN026",1987,4,38.299
"08NN026",1987,5,90.284
"08NN026",1987,6,23.902
"08NN026",1987,7,7.524
"08NN026",1987,8,4.117
"08NN026",1987,9,1.894
"08NN026",1988,3,2.35
"08NN026",1988,4,44.34
"08NN026",1988,5,99.303
"08NN026",1988,6,60.423
"08NN026",1988,7,17.437
"08NN026",1988,8,3.914
"08NN026",1988,9,2.669
"08NN026",1989,4,35.085
"08NN026",1989,5,101.877
"08NN026",1989,6,75.133
"08NN026",1989,7,13.199
"08NN026",1989,8,4.982
"08NN026",1989,9,4.972
"08NN026",1990,4,63.307
"08NN026",1990,5,112.026
"08NN026",1990,6,162.117
"08NN026",1990,7,42.129
"08NN026",1990,8,8.592
"08NN026",1990,9,4.64
"08NN026",1991,4,45.591
"08NN026",1991,5,128.132
"08NN026",1991,6,111.29
"08NN026",1991,7,38.271
"08NN026",1991,8,6.911
"08NN026",1991,9,2.892
"08NN026",1992,3,21.2
"08NN026",1992,4,46.887
"08NN026",1992,5,92.558
"08NN026",1992,6,34.503
"08NN026",1992,7,25.229
"08NN026",1992,8,7.562
"08NN026",1992,9,4.158
"08NN026",1993,4,38.321
"08NN026",1993,5,157.313
"08NN026",1993,6,55.16
"08NN026",1993,7,46.526
"08NN026",1993,8,15.502
"08NN026",1993,9,7.195
"08NN026",1994,3,10.1
"08NN026",1994,4,87.327
"08NN026",1994,5,115.01
"08NN026",1994,6,66.123
"08NN026",1994,7,14.963
"08NN026",1994,8,3.822
"08NN026",1994,9,3.545
"08NN026",1995,4,35.693
"08NN026",1995,5,122.871
"08NN026",1995,6,85.53
"08NN026",1995,7,14.371
"08NN026",1995,8,8.438
"08NN026",1995,9,3.471
"08NN026",1996,4,70.677
"08NN026",1996,5,111.961
"08NN026",1996,6,144.167
"08NN026",1996,7,39.213
"08NN026",1996,8,8.155
"08NN026",1996,9,8.33
"08NN026",1997,4,55.33
"08NN026",1997,5,183.635
"08NN026",1997,6,161.373
"08NN026",1997,7,68.865
"08NN026",1997,8,11.55
"08NN026",1997,9,11.189
"08NN026",1998,4,54.88
"08NN026",1998,5,143.097
"08NN026",1998,6,45.853
"08NN026",1998,7,16.141
"08NN026",1998,8,3.783
"08NN026",1998,9,1.766
"08NN026",1999,4,50.973
"08NN026",1999,5,117.494
"08NN026",1999,6,151.19
"08NN026",1999,7,59.826
"08NN026",1999,8,15.381
"08NN026",1999,9,7.554
"08NN026",2000,4,68.95
"08NN026",2000,5,124.71
"08NN026",2000,6,122.243
"08NN026",2000,7,30.513
"08NN026",2000,8,5.369
"08NN026",2000,9,5.001
"08NN026",2001,4,13.758
"08NN026",2001,5,91.952
"08NN026",2001,6,62.207
"08NN026",2001,7,15.403
"08NN026",2001,8,5.927
"08NN026",2001,9,2.377
"08NN026",2002,4,35.083
"08NN026",2002,5,109.006
"08NN026",2002,6,117.43
"08NN026",2002,7,17.978
"08NN026",2002,8,3.276
"08NN026",2002,9,1.987
"08NN026",2003,4,36.407
"08NN026",2003,5,97.977
"08NN026",2003,6,89.1
"08NN026",2003,7,10.482
"08NN026",2003,8,1.9
"08NN026",2003,9,1.475
"08NN026",2004,4,72.193
"08NN026",2004,5,130.158
"08NN026",2004,6,87.893
"08NN026",2004,7,19.544
"08NN026",2004,8,6.071
"08NN026",2004,9,14.123
"08NN026",2007,4,61.225
"08NN026",2007,5,102.416
"08NN026",2007,6,59.35
"08NN026",2007,7,15.57
"08NN026",2007,8,2.784
"08NN026",2007,9,1.709
"08NN026",2007,10,4.682
"08NN026",2007,11,3.657
"08NN026",2007,12,3.338
"08NN026",2008,1,2.434
"08NN026",2008,2,2.306
"08NN026",2008,3,2.584
"08NN026",2008,4,8.211
"08NN026",2008,5,135.529
"08NN026",2008,6,93.063
"08NN026",2008,7,16.212
"08NN026",2008,8,4.255
"08NN026",2008,9,2.744
"08NN026",2008,10,2.9
"08NN026",2008,11,5.329
"08NN026",2008,12,3.028
"08NN026",2009,1,2.582
"08NN026",2009,2,2.421
"08NN026",2009,3,2.59
"08NN026",2009,4,15.229
"08NN026",2009,5,93.845
"08NN026",2009,6,82.213
"08NN026",2009,7,13.18
"08NN026",2009,8,3.484
"08NN026",2009,9,1.694
"08NN026",2009,10,2.213
"08NN026",2009,11,2.517
"08NN026",2009,12,1.659
"08NN026",2010,1,1.668
"08NN026",2010,2,2.157
"08NN026",2010,3,4.159
"08NN026",2010,4,30.936
"08NN026",2010,5,91.058
"08NN026",2010,6,109.32
"08NN026",2010,7,22.703
"08NN026",2010,8,4.177
"08NN026",2010,9,4.059
"08NN026",2010,10,3.877
"08NN026",2010,11,6.031
"08NN026",2010,12,3.655
"08NN026",2011,1,2.972
"08NN026",2011,2,2.682
"08NN026",2011,3,4.462
"08NN026",2011,4,15.6
"08NN026",2011,5,146.703
"08NN026",2011,6,158.21
"08NN026",2011,7,47.265
"08NN026",2011,8,9.912
"08NN026",2011,9,2.416
"08NN026",2011,10,2.902
"08NN026",2011,11,1.608
"08NN026",2011,12,1.242
"08NN026",2012,1,1.327
"08NN026",2012,2,1.154
"08NN026",2012,3,1.528
"08NN026",2012,4,40.881
"08NN026",2012,5,126.845
"08NN026",2012,6,152.4
"08NN026",2012,7,64.81
"08NN026",2012,8,8.063
"08NN026",2012,9,2.773
"08NN026",2012,10,2.336
"08NN026",2012,11,9.061
"08NN026",2012,12,5.922
"08NN026",2013,1,4.056
"08NN026",2013,2,4.153
"08NN026",2013,3,9.286
"08NN026",2013,4,52.67
"08NN026",2013,5,150.929
"08NN026",2013,6,94.127
"08NN026",2013,7,23.646
"08NN026",2013,8,4.795
"08NN026",2013,9,4.112
"08NN026",2013,10,7.19
"08NN026",2013,11,4.671
"08NN026",2013,12,3.975
"08NN026",2014,1,3.187
"08NN026",2014,2,2.926
"08NN026",2014,3,4.672
"08NN026",2014,4,32.108
"08NN026",2014,5,138.155
"08NN026",2014,6,97.513
"08NN026",2014,7,20.698
"08NN026",2014,8,4.857
"08NN026",2014,9,4.214
"08NN026",2014,10,5.631
"08NN026",2014,11,13.691
"08NN026",2014,12,11.103
"08NN026",2015,1,8.409
"08NN026",2015,2,25.15
"08NN026",2015,3,42.468
"08NN026",2015,4,56.943
"08NN026",2015,5,89.584
"08NN026",2015,6,43.627
"08NN026",2015,7,5.991
"08NN026",2015,8,2.044
"08NN026",2015,9,1.839
"08NN026",2015,10,1.668
"08NN026",2015,11,3.446
"08NN026",2015,12,3.045
"08NN026",2016,1,3.022
"08NN026",2016,2,4.867
"08NN026",2016,3,19.323
"08NN026",2016,4,114.327
"08NN026",2016,5,114.787
"08NN026",2016,6,49.967
"08NN026",2016,7,19.781
"08NN026",2016,8,6.267
"08NN026",2016,9,3.314
"08NN026",2016,10,12.853
"08NN026",2016,11,27.167
"08NN026",2016,12,10.279
"08NN026",2017,1,6.502
"08NN026",2017,2,4.594
"08NN026",2017,3,11.228
"08NN026",2017,4,59.23
"08NN026",2017,5,173.9
"08NN026",2017,6,99.543
"08NN026",2017,7,13.482
"08NN026",2017,8,2.308
"08NN026",2017,9,1.161
"08NN026",2017,10,1.714
"08NN026",2017,11,2.179
"08NN026",2017,12,1.983
"08NN026",2018,1,2.273
"08NN026",2018,2,2.445
"08NN026",2018,3,5.137
"08NN026",2018,4,49.173
"08NN026",2018,5,241.323
"08NN026",2018,6,73.75
"08NN026",2018,7,14.21
"08NN026",2018,8,2.691
"08NN026",2018,9,2.436
"08NN026",2018,10,3.719
"08NN026",2018,11,10.013
"08NN026",2018,12,4.769
"08NN026",2019,1,3.481
"08NN026",2019,2,2.031
"08NN026",2019,3,6.113
"08NN026",2019,4,48.907
"08NN026",2019,5,93.339
"08NN026",2019,6,31.7
"08NN026",2019,7,19.455
"08NN026",2019,8,6.816
"08NN026",2019,9,9.013
"08NN026",2019,10,14.906
"08NN026",2019,11,11.05
"08NN026",2019,12,7.907
"08NN026",2020,1,5.971
"08NN026",2020,2,6.07
"08NN026",2020,3,6.667
"08NN026",2020,4,46.2
"08NN026",2020,5,185.194
"08NN026",2020,6,143.89
"08NN026",2020,7,30.43
"08NN026",2020,8,5.071
"08NN026",2020,9,2.009
"08NN026",2020,10,3.255
"08NN026",2020,11,4.927
"08NN026",2020,12,3.266
"08NN026",2021,1,3.358
"08NN026",2021,2,3.235
"08NN026",2021,3,5.811
"08NN026",2021,4,47.54
"08NN026",2021,5,120.239
"08NN026",2021,6,59.197
"08NN026",2021,7,6.547
"08NN026",2021,8,1.676
"08NN026",2021,9,1.431
"08NN026",2021,10,2.857
"08NN026",2021,11,8.937
"08NN026",2021,12,9.691
"08NN026",2022,1,5.416
"08NN026",2022,2,3.956
"08NN026",2022,3,9.683
"08NN026",2022,4,25.963
"08NN026",2022,5,97.732
"08NN026",2022,6,164.923
"08NN026",2022,7,39.974
"08NN026",2022,8,4.693
"08NN026",2022,9,1.84
"08NN026",2022,10,1.356
"08NN026",2022,11,1.45
"08NN026",2022,12,1.21
"08NN026",2023,1,1.681
"08NN026",2023,2,1.304
"08NN026",2023,3,1.706
"08NN026",2023,4,18.781
"08NN026",2023,5,203.903
"08NN026",2023,6,41.913
"08NN026",2023,7,10.926
"08NN026",2023,8,2.405
"08NN026",2023,9,1.371
"08NN026",2023,10,2.041
"08NN026",2023,11,2.143
"08NN026",2023,12,3.06
"08NN026",2024,1,2.541
"08NN026",2024,2,11.569
"08NN026",2024,3,16.822
"08NN026",2024,4,44.487
"08NN026",2024,5,89.594
"08NN026",2024,6,64.223
"08NN026",2024,7,17.471
"08NN026",2024,8,3.855
"08NN026",2024,9,2.449
"08NN026",2024,10,3.443
"08NN026",2024,11,4.833
"08NN026",2024,12,3.679
"08NN029",2024,3,8.685
"08NN029",2024,4,10.492
"08NN029",2024,5,10.592
"08NN029",2024,6,6.938
"08NN029",2024,7,1.777
"08NN029",2024,8,0.437
"08NN029",2024,9,0.299
"08NN029",2024,10,0.3
"08NN029",2024,11,0.496
"08NN029",2024,12,0.438
