"well","yday","p10","p25","p50","p75","p90","n"
"OW217",1,3.131,3.248,3.35,3.407,3.476,337
"OW217",2,3.131,3.25,3.351,3.408,3.477,336
"OW217",3,3.131,3.249,3.352,3.409,3.477,334
"OW217",4,3.129,3.249,3.353,3.411,3.478,331
"OW217",5,3.128,3.247,3.354,3.412,3.479,329
"OW217",6,3.127,3.242,3.355,3.411,3.48,324
"OW217",7,3.125,3.238,3.356,3.409,3.478,314
"OW217",8,3.125,3.238,3.356,3.409,3.478,326
"OW217",9,3.124,3.237,3.357,3.41,3.478,324
"OW217",10,3.124,3.237,3.357,3.41,3.478,319
"OW217",11,3.124,3.236,3.357,3.411,3.478,315
"OW217",12,3.124,3.236,3.357,3.413,3.478,311
"OW217",13,3.123,3.235,3.357,3.414,3.476,309
"OW217",14,3.123,3.23,3.358,3.413,3.473,307
"OW217",15,3.123,3.233,3.358,3.414,3.47,305
"OW217",16,3.123,3.229,3.355,3.414,3.469,303
"OW217",17,3.123,3.223,3.353,3.413,3.468,302
"OW217",18,3.124,3.222,3.353,3.412,3.467,301
"OW217",19,3.124,3.222,3.349,3.41,3.467,301
"OW217",20,3.125,3.222,3.347,3.41,3.467,302
"OW217",21,3.125,3.222,3.345,3.411,3.467,303
"OW217",22,3.125,3.222,3.345,3.411,3.469,305
"OW217",23,3.126,3.224,3.346,3.413,3.47,308
"OW217",24,3.13,3.23,3.347,3.415,3.475,322
"OW217",25,3.132,3.23,3.346,3.415,3.477,326
"OW217",26,3.133,3.23,3.343,3.415,3.478,329
"OW217",27,3.131,3.229,3.337,3.415,3.48,332
"OW217",28,3.131,3.23,3.334,3.415,3.483,333
"OW217",29,3.128,3.23,3.334,3.418,3.485,334
"OW217",30,3.126,3.23,3.333,3.42,3.485,334
"OW217",31,3.12,3.23,3.329,3.42,3.485,334
"OW217",32,3.089,3.231,3.329,3.422,3.485,334
"OW217",33,3.074,3.235,3.328,3.424,3.485,334
"OW217",34,3.071,3.236,3.327,3.425,3.485,333
"OW217",35,3.069,3.237,3.327,3.429,3.485,333
"OW217",36,3.052,3.24,3.326,3.432,3.487,333
"OW217",37,3.035,3.238,3.324,3.434,3.487,332
"OW217",38,3.018,3.228,3.321,3.435,3.488,330
"OW217",39,2.997,3.216,3.318,3.434,3.477,317
"OW217",40,2.977,3.207,3.317,3.437,3.476,314
"OW217",41,2.969,3.202,3.317,3.441,3.476,312
"OW217",42,2.961,3.201,3.317,3.445,3.476,310
"OW217",43,2.96,3.2,3.317,3.448,3.476,310
"OW217",44,2.959,3.197,3.317,3.451,3.476,310
"OW217",45,2.957,3.196,3.317,3.452,3.476,311
"OW217",46,2.956,3.195,3.317,3.453,3.476,312
"OW217",47,2.955,3.193,3.317,3.454,3.478,313
"OW217",48,2.955,3.192,3.317,3.455,3.478,314
"OW217",49,2.955,3.192,3.318,3.455,3.48,314
"OW217",50,2.956,3.191,3.318,3.455,3.482,313
"OW217",51,2.959,3.188,3.319,3.455,3.484,313
"OW217",52,2.968,3.189,3.323,3.455,3.487,323
"OW217",53,2.983,3.189,3.325,3.455,3.488,327
"OW217",54,2.993,3.183,3.325,3.454,3.487,329
"OW217",55,3.001,3.18,3.325,3.453,3.487,330
"OW217",56,3.009,3.18,3.325,3.448,3.488,330
"OW217",57,3.012,3.179,3.325,3.439,3.488,329
"OW217",58,3.017,3.178,3.324,3.431,3.488,328
"OW217",59,3.021,3.175,3.325,3.429,3.488,327
"OW217",60,3.027,3.174,3.324,3.427,3.488,326
"OW217",61,3.035,3.174,3.323,3.427,3.488,326
"OW217",62,3.06,3.174,3.321,3.426,3.488,325
"OW217",63,3.091,3.174,3.317,3.424,3.489,324
"OW217",64,3.09,3.173,3.307,3.423,3.489,323
"OW217",65,3.089,3.173,3.307,3.422,3.488,322
"OW217",66,3.082,3.174,3.303,3.421,3.488,320
"OW217",67,3.048,3.17,3.29,3.418,3.485,308
"OW217",68,3.047,3.169,3.285,3.395,3.482,302
"OW217",69,3.048,3.169,3.284,3.385,3.475,298
"OW217",70,3.059,3.169,3.282,3.384,3.473,295
"OW217",71,3.053,3.167,3.276,3.375,3.472,293
"OW217",72,3.05,3.167,3.268,3.373,3.469,292
"OW217",73,3.048,3.167,3.266,3.372,3.464,291
"OW217",74,3.048,3.167,3.261,3.37,3.461,290
"OW217",75,3.047,3.16,3.254,3.37,3.459,289
"OW217",76,3.045,3.143,3.239,3.367,3.457,287
"OW217",77,3.044,3.133,3.224,3.361,3.456,286
"OW217",78,3.043,3.124,3.214,3.361,3.454,286
"OW217",79,3.037,3.11,3.208,3.36,3.454,286
"OW217",80,3.033,3.102,3.198,3.359,3.452,288
"OW217",81,3.03,3.092,3.19,3.356,3.451,290
"OW217",82,3.023,3.088,3.186,3.351,3.45,290
"OW217",83,3.02,3.088,3.185,3.343,3.45,299
"OW217",84,3.01,3.087,3.184,3.344,3.45,306
"OW217",85,3.001,3.085,3.18,3.341,3.45,308
"OW217",86,2.998,3.084,3.178,3.344,3.448,310
"OW217",87,2.994,3.078,3.177,3.341,3.445,310
"OW217",88,2.991,3.076,3.174,3.34,3.439,310
"OW217",89,2.99,3.075,3.173,3.339,3.438,311
"OW217",90,2.987,3.073,3.172,3.337,3.438,311
"OW217",91,2.984,3.072,3.169,3.336,3.438,311
"OW217",92,2.981,3.072,3.167,3.334,3.438,311
"OW217",93,2.981,3.069,3.166,3.33,3.438,310
"OW217",94,2.979,3.065,3.166,3.33,3.437,310
"OW217",95,2.975,3.061,3.166,3.33,3.436,308
"OW217",96,2.971,3.054,3.164,3.329,3.436,306
"OW217",97,2.965,3.052,3.163,3.315,3.434,306
"OW217",98,2.96,3.043,3.161,3.314,3.434,297
"OW217",99,2.956,3.04,3.159,3.295,3.427,290
"OW217",100,2.951,3.034,3.156,3.285,3.423,288
"OW217",101,2.941,3.022,3.151,3.279,3.419,286
"OW217",102,2.936,3.016,3.148,3.271,3.415,286
"OW217",103,2.923,3.006,3.146,3.266,3.411,286
"OW217",104,2.916,2.996,3.135,3.265,3.408,285
"OW217",105,2.903,2.982,3.122,3.264,3.403,285
"OW217",106,2.895,2.975,3.108,3.262,3.399,285
"OW217",107,2.885,2.969,3.099,3.261,3.395,285
"OW217",108,2.872,2.96,3.087,3.257,3.389,285
"OW217",109,2.86,2.951,3.082,3.253,3.385,286
"OW217",110,2.849,2.94,3.074,3.249,3.385,286
"OW217",111,2.833,2.933,3.06,3.243,3.384,286
"OW217",112,2.817,2.923,3.049,3.228,3.382,289
"OW217",113,2.809,2.915,3.048,3.22,3.376,297
"OW217",114,2.79,2.906,3.041,3.22,3.37,305
"OW217",115,2.765,2.895,3.032,3.215,3.361,307
"OW217",116,2.747,2.888,3.022,3.21,3.353,308
"OW217",117,2.728,2.876,3.013,3.199,3.347,308
"OW217",118,2.708,2.865,2.994,3.174,3.342,309
"OW217",119,2.692,2.855,2.979,3.157,3.334,309
"OW217",120,2.681,2.844,2.971,3.134,3.33,309
"OW217",121,2.664,2.835,2.957,3.128,3.326,309
"OW217",122,2.64,2.823,2.942,3.105,3.317,309
"OW217",123,2.616,2.812,2.935,3.098,3.308,309
"OW217",124,2.591,2.8,2.924,3.082,3.301,308
"OW217",125,2.569,2.791,2.908,3.066,3.289,308
"OW217",126,2.549,2.777,2.893,3.059,3.279,308
"OW217",127,2.528,2.762,2.876,3.042,3.273,305
"OW217",128,2.497,2.744,2.855,3.013,3.259,297
"OW217",129,2.466,2.722,2.836,2.984,3.238,289
"OW217",130,2.438,2.707,2.825,2.963,3.227,287
"OW217",131,2.411,2.691,2.807,2.955,3.215,286
"OW217",132,2.389,2.673,2.793,2.938,3.197,286
"OW217",133,2.364,2.645,2.782,2.928,3.184,285
"OW217",134,2.341,2.627,2.766,2.917,3.17,285
"OW217",135,2.32,2.609,2.751,2.886,3.158,285
"OW217",136,2.307,2.581,2.732,2.876,3.146,285
"OW217",137,2.303,2.563,2.715,2.854,3.138,284
"OW217",138,2.297,2.547,2.698,2.844,3.124,283
"OW217",139,2.293,2.527,2.681,2.83,3.113,282
"OW217",140,2.29,2.513,2.661,2.812,3.099,281
"OW217",141,2.275,2.496,2.644,2.8,3.087,280
"OW217",142,2.269,2.479,2.627,2.791,3.072,279
"OW217",143,2.268,2.464,2.611,2.786,3.056,280
"OW217",144,2.268,2.441,2.594,2.781,3.031,290
"OW217",145,2.258,2.425,2.583,2.777,3.014,296
"OW217",146,2.231,2.392,2.57,2.763,2.994,300
"OW217",147,2.195,2.373,2.558,2.754,2.974,299
"OW217",148,2.18,2.353,2.546,2.743,2.958,298
"OW217",149,2.158,2.33,2.541,2.733,2.941,297
"OW217",150,2.136,2.304,2.529,2.726,2.924,296
"OW217",151,2.101,2.298,2.524,2.719,2.904,295
"OW217",152,2.08,2.288,2.514,2.711,2.889,295
"OW217",153,2.06,2.281,2.502,2.706,2.87,295
"OW217",154,2.042,2.28,2.485,2.7,2.852,295
"OW217",155,2.029,2.278,2.477,2.69,2.836,295
"OW217",156,2.017,2.271,2.464,2.675,2.826,295
"OW217",157,2.012,2.262,2.457,2.656,2.809,295
"OW217",158,2.009,2.24,2.454,2.636,2.794,293
"OW217",159,2.006,2.209,2.451,2.604,2.771,282
"OW217",160,2.002,2.198,2.446,2.584,2.765,276
"OW217",161,1.994,2.198,2.444,2.578,2.76,272
"OW217",162,1.993,2.195,2.442,2.574,2.758,273
"OW217",163,1.99,2.192,2.44,2.572,2.754,274
"OW217",164,1.981,2.191,2.433,2.567,2.743,275
"OW217",165,1.969,2.189,2.432,2.56,2.726,276
"OW217",166,1.959,2.185,2.426,2.558,2.709,277
"OW217",167,1.95,2.186,2.425,2.557,2.692,278
"OW217",168,1.94,2.188,2.424,2.557,2.68,279
"OW217",169,1.925,2.184,2.423,2.557,2.665,281
"OW217",170,1.921,2.183,2.423,2.557,2.664,283
"OW217",171,1.916,2.178,2.423,2.557,2.661,285
"OW217",172,1.911,2.17,2.424,2.557,2.661,288
"OW217",173,1.911,2.165,2.424,2.557,2.66,291
"OW217",174,1.914,2.163,2.425,2.557,2.661,307
"OW217",175,1.915,2.148,2.428,2.558,2.663,312
"OW217",176,1.915,2.143,2.43,2.559,2.663,312
"OW217",177,1.914,2.134,2.434,2.561,2.664,314
"OW217",178,1.914,2.133,2.441,2.57,2.665,315
"OW217",179,1.914,2.132,2.444,2.573,2.67,315
"OW217",180,1.914,2.13,2.449,2.579,2.672,315
"OW217",181,1.914,2.13,2.456,2.59,2.677,315
"OW217",182,1.915,2.13,2.464,2.597,2.683,315
"OW217",183,1.919,2.13,2.469,2.604,2.691,315
"OW217",184,1.921,2.131,2.472,2.615,2.697,314
"OW217",185,1.926,2.131,2.478,2.625,2.703,313
"OW217",186,1.933,2.132,2.481,2.631,2.709,311
"OW217",187,1.939,2.134,2.487,2.643,2.72,308
"OW217",188,1.954,2.146,2.496,2.656,2.737,305
"OW217",189,1.965,2.146,2.509,2.67,2.744,290
"OW217",190,1.98,2.157,2.514,2.676,2.75,285
"OW217",191,1.996,2.172,2.526,2.688,2.759,285
"OW217",192,2.021,2.187,2.535,2.698,2.769,283
"OW217",193,2.04,2.199,2.544,2.704,2.785,282
"OW217",194,2.055,2.208,2.557,2.718,2.798,282
"OW217",195,2.077,2.233,2.568,2.732,2.809,282
"OW217",196,2.103,2.259,2.578,2.743,2.823,282
"OW217",197,2.121,2.276,2.59,2.752,2.837,282
"OW217",198,2.142,2.291,2.6,2.765,2.847,282
"OW217",199,2.157,2.313,2.612,2.777,2.854,282
"OW217",200,2.177,2.332,2.626,2.793,2.864,283
"OW217",201,2.189,2.345,2.637,2.804,2.877,286
"OW217",202,2.203,2.354,2.647,2.818,2.89,290
"OW217",203,2.21,2.364,2.649,2.834,2.895,292
"OW217",204,2.228,2.386,2.66,2.844,2.908,295
"OW217",205,2.246,2.406,2.677,2.854,2.926,309
"OW217",206,2.26,2.426,2.681,2.868,2.938,315
"OW217",207,2.274,2.437,2.69,2.877,2.944,318
"OW217",208,2.28,2.452,2.694,2.89,2.956,319
"OW217",209,2.296,2.468,2.706,2.898,2.966,320
"OW217",210,2.305,2.476,2.718,2.91,2.979,320
"OW217",211,2.327,2.492,2.732,2.919,2.99,321
"OW217",212,2.338,2.513,2.741,2.934,3.001,322
"OW217",213,2.349,2.526,2.749,2.939,3.008,324
"OW217",214,2.358,2.536,2.759,2.949,3.018,325
"OW217",215,2.373,2.555,2.768,2.96,3.029,325
"OW217",216,2.388,2.567,2.78,2.973,3.04,324
"OW217",217,2.409,2.585,2.791,2.985,3.048,322
"OW217",218,2.426,2.602,2.801,2.996,3.062,322
"OW217",219,2.433,2.615,2.812,3.007,3.072,320
"OW217",220,2.448,2.636,2.82,3.013,3.082,307
"OW217",221,2.471,2.661,2.837,3.028,3.084,302
"OW217",222,2.476,2.677,2.85,3.038,3.095,300
"OW217",223,2.502,2.69,2.861,3.048,3.099,300
"OW217",224,2.527,2.705,2.871,3.058,3.111,300
"OW217",225,2.545,2.72,2.88,3.068,3.125,301
"OW217",226,2.558,2.736,2.889,3.074,3.137,301
"OW217",227,2.57,2.753,2.903,3.083,3.146,301
"OW217",228,2.589,2.77,2.917,3.091,3.153,300
"OW217",229,2.605,2.783,2.927,3.099,3.165,300
"OW217",230,2.619,2.796,2.936,3.107,3.176,300
"OW217",231,2.64,2.811,2.95,3.113,3.183,300
"OW217",232,2.659,2.818,2.961,3.123,3.188,300
"OW217",233,2.677,2.833,2.972,3.131,3.196,300
"OW217",234,2.695,2.847,2.986,3.139,3.202,301
"OW217",235,2.715,2.86,2.997,3.146,3.208,305
"OW217",236,2.741,2.874,3.005,3.151,3.224,317
"OW217",237,2.757,2.884,3.016,3.159,3.232,320
"OW217",238,2.77,2.896,3.022,3.167,3.238,319
"OW217",239,2.78,2.905,3.031,3.175,3.247,320
"OW217",240,2.794,2.916,3.038,3.181,3.261,320
"OW217",241,2.806,2.926,3.044,3.187,3.273,320
"OW217",242,2.811,2.936,3.052,3.192,3.276,321
"OW217",243,2.825,2.945,3.059,3.2,3.282,321
"OW217",244,2.829,2.957,3.067,3.206,3.286,321
"OW217",245,2.829,2.966,3.076,3.216,3.289,321
"OW217",246,2.835,2.974,3.078,3.222,3.295,321
"OW217",247,2.838,2.984,3.087,3.228,3.302,321
"OW217",248,2.85,2.995,3.092,3.233,3.306,321
"OW217",249,2.853,3.002,3.099,3.239,3.312,320
"OW217",250,2.868,3.012,3.106,3.247,3.32,316
"OW217",251,2.904,3.025,3.116,3.252,3.327,304
"OW217",252,2.906,3.036,3.121,3.259,3.334,301
"OW217",253,2.92,3.043,3.128,3.263,3.338,302
"OW217",254,2.957,3.051,3.136,3.267,3.341,301
"OW217",255,2.967,3.056,3.142,3.273,3.343,301
"OW217",256,2.974,3.066,3.146,3.278,3.351,301
"OW217",257,2.974,3.071,3.147,3.282,3.355,300
"OW217",258,2.985,3.077,3.148,3.287,3.36,300
"OW217",259,2.994,3.082,3.151,3.291,3.362,300
"OW217",260,3.003,3.087,3.157,3.296,3.373,300
"OW217",261,3.012,3.091,3.164,3.301,3.378,300
"OW217",262,3.02,3.096,3.169,3.306,3.382,300
"OW217",263,3.027,3.099,3.176,3.314,3.385,300
"OW217",264,3.035,3.106,3.182,3.323,3.389,300
"OW217",265,3.044,3.112,3.187,3.327,3.392,301
"OW217",266,3.037,3.119,3.19,3.333,3.395,312
"OW217",267,3.042,3.121,3.195,3.336,3.398,319
"OW217",268,3.045,3.129,3.2,3.339,3.402,324
"OW217",269,3.053,3.132,3.204,3.344,3.408,326
"OW217",270,3.06,3.134,3.209,3.347,3.413,328
"OW217",271,3.068,3.138,3.215,3.351,3.416,329
"OW217",272,3.071,3.14,3.216,3.354,3.418,330
"OW217",273,3.071,3.144,3.221,3.358,3.423,331
"OW217",274,3.071,3.15,3.225,3.361,3.428,332
"OW217",275,3.071,3.153,3.229,3.364,3.43,333
"OW217",276,3.074,3.158,3.232,3.365,3.433,334
"OW217",277,3.078,3.162,3.235,3.367,3.437,335
"OW217",278,3.082,3.166,3.237,3.369,3.441,336
"OW217",279,3.085,3.171,3.239,3.372,3.446,337
"OW217",280,3.09,3.174,3.242,3.374,3.448,337
"OW217",281,3.098,3.179,3.247,3.378,3.45,327
"OW217",282,3.108,3.188,3.253,3.381,3.451,322
"OW217",283,3.111,3.192,3.254,3.385,3.453,319
"OW217",284,3.114,3.194,3.259,3.389,3.454,318
"OW217",285,3.115,3.2,3.264,3.391,3.458,317
"OW217",286,3.116,3.201,3.264,3.394,3.461,317
"OW217",287,3.118,3.204,3.268,3.396,3.463,317
"OW217",288,3.119,3.207,3.268,3.397,3.463,317
"OW217",289,3.12,3.209,3.273,3.399,3.465,317
"OW217",290,3.12,3.211,3.275,3.4,3.466,317
"OW217",291,3.121,3.212,3.276,3.403,3.467,317
"OW217",292,3.122,3.213,3.279,3.406,3.469,317
"OW217",293,3.122,3.215,3.283,3.409,3.469,317
"OW217",294,3.121,3.215,3.284,3.41,3.469,318
"OW217",295,3.121,3.216,3.288,3.414,3.47,319
"OW217",296,3.121,3.219,3.292,3.415,3.47,320
"OW217",297,3.121,3.22,3.289,3.415,3.47,332
"OW217",298,3.121,3.222,3.293,3.416,3.47,336
"OW217",299,3.121,3.221,3.296,3.416,3.471,338
"OW217",300,3.12,3.222,3.295,3.416,3.472,339
"OW217",301,3.12,3.223,3.296,3.417,3.473,340
"OW217",302,3.12,3.224,3.296,3.419,3.473,340
"OW217",303,3.12,3.224,3.296,3.419,3.473,340
"OW217",304,3.12,3.224,3.296,3.419,3.473,340
"OW217",305,3.119,3.224,3.298,3.419,3.473,340
"OW217",306,3.119,3.221,3.298,3.418,3.472,341
"OW217",307,3.119,3.221,3.298,3.418,3.472,341
"OW217",308,3.118,3.221,3.298,3.417,3.473,340
"OW217",309,3.118,3.221,3.3,3.416,3.473,338
"OW217",310,3.117,3.22,3.3,3.411,3.473,337
"OW217",311,3.118,3.219,3.299,3.41,3.473,336
"OW217",312,3.12,3.218,3.3,3.41,3.472,323
"OW217",313,3.121,3.218,3.303,3.41,3.47,319
"OW217",314,3.122,3.219,3.304,3.41,3.469,317
"OW217",315,3.125,3.219,3.309,3.41,3.467,316
"OW217",316,3.127,3.218,3.31,3.408,3.466,315
"OW217",317,3.129,3.218,3.31,3.406,3.465,315
"OW217",318,3.129,3.217,3.313,3.406,3.464,316
"OW217",319,3.129,3.216,3.315,3.406,3.464,316
"OW217",320,3.13,3.216,3.316,3.405,3.463,316
"OW217",321,3.13,3.217,3.316,3.405,3.462,315
"OW217",322,3.131,3.217,3.317,3.405,3.457,315
"OW217",323,3.131,3.217,3.317,3.405,3.449,316
"OW217",324,3.132,3.217,3.318,3.404,3.445,317
"OW217",325,3.132,3.219,3.319,3.402,3.44,317
"OW217",326,3.132,3.22,3.319,3.4,3.436,319
"OW217",327,3.132,3.222,3.319,3.4,3.441,331
"OW217",328,3.132,3.226,3.319,3.4,3.44,336
"OW217",329,3.132,3.23,3.326,3.4,3.44,338
"OW217",330,3.133,3.23,3.326,3.399,3.441,341
"OW217",331,3.135,3.235,3.327,3.399,3.442,342
"OW217",332,3.141,3.237,3.327,3.399,3.442,343
"OW217",333,3.145,3.24,3.328,3.398,3.442,344
"OW217",334,3.149,3.243,3.33,3.398,3.443,345
"OW217",335,3.151,3.245,3.332,3.398,3.444,346
"OW217",336,3.15,3.245,3.332,3.398,3.444,348
"OW217",337,3.151,3.245,3.333,3.397,3.445,349
"OW217",338,3.15,3.247,3.334,3.397,3.445,351
"OW217",339,3.149,3.249,3.334,3.397,3.447,352
"OW217",340,3.128,3.25,3.335,3.397,3.448,353
"OW217",341,3.123,3.25,3.336,3.399,3.449,351
"OW217",342,3.12,3.249,3.336,3.397,3.449,340
"OW217",343,3.119,3.247,3.336,3.394,3.449,335
"OW217",344,3.119,3.246,3.336,3.389,3.45,334
"OW217",345,3.118,3.246,3.335,3.387,3.45,332
"OW217",346,3.118,3.246,3.333,3.387,3.451,333
"OW217",347,3.118,3.248,3.333,3.384,3.451,332
"OW217",348,3.118,3.248,3.333,3.38,3.452,330
"OW217",349,3.118,3.248,3.331,3.383,3.452,330
"OW217",350,3.117,3.243,3.33,3.386,3.452,330
"OW217",351,3.114,3.242,3.33,3.389,3.452,329
"OW217",352,3.116,3.242,3.33,3.391,3.453,328
"OW217",353,3.116,3.241,3.33,3.391,3.454,327
"OW217",354,3.118,3.241,3.332,3.392,3.455,328
"OW217",355,3.118,3.241,3.332,3.392,3.457,330
"OW217",356,3.118,3.241,3.333,3.391,3.459,331
"OW217",357,3.118,3.241,3.333,3.392,3.461,334
"OW217",358,3.119,3.241,3.334,3.394,3.466,342
"OW217",359,3.119,3.241,3.334,3.394,3.466,328
"OW217",360,3.12,3.241,3.336,3.395,3.466,328
"OW217",361,3.125,3.242,3.338,3.395,3.467,330
"OW217",362,3.125,3.242,3.34,3.398,3.469,333
"OW217",363,3.125,3.242,3.342,3.398,3.47,336
"OW217",364,3.127,3.244,3.345,3.4,3.472,336
"OW217",365,3.129,3.247,3.347,3.403,3.474,336
"OW217",366,3.131,3.248,3.349,3.405,3.475,336
"OW306",1,5.473,5.564,5.66,5.72,5.779,308
"OW306",2,5.471,5.565,5.66,5.721,5.78,309
"OW306",3,5.461,5.566,5.661,5.722,5.782,308
"OW306",4,5.458,5.567,5.661,5.722,5.783,306
"OW306",5,5.456,5.567,5.662,5.722,5.784,303
"OW306",6,5.455,5.568,5.66,5.722,5.786,301
"OW306",7,5.455,5.568,5.658,5.722,5.787,298
"OW306",8,5.455,5.569,5.658,5.724,5.788,310
"OW306",9,5.456,5.569,5.656,5.725,5.789,303
"OW306",10,5.454,5.568,5.654,5.727,5.79,300
"OW306",11,5.452,5.567,5.654,5.728,5.79,297
"OW306",12,5.445,5.567,5.651,5.729,5.791,295
"OW306",13,5.431,5.565,5.651,5.73,5.793,294
"OW306",14,5.418,5.563,5.649,5.733,5.795,294
"OW306",15,5.418,5.562,5.647,5.738,5.798,293
"OW306",16,5.42,5.561,5.647,5.739,5.801,292
"OW306",17,5.424,5.56,5.642,5.739,5.803,289
"OW306",18,5.431,5.554,5.642,5.74,5.807,288
"OW306",19,5.441,5.554,5.641,5.741,5.812,288
"OW306",20,5.452,5.553,5.641,5.742,5.816,289
"OW306",21,5.463,5.553,5.642,5.743,5.819,290
"OW306",22,5.474,5.554,5.642,5.744,5.82,291
"OW306",23,5.489,5.557,5.643,5.748,5.823,294
"OW306",24,5.506,5.558,5.648,5.755,5.824,298
"OW306",25,5.507,5.561,5.652,5.758,5.826,307
"OW306",26,5.503,5.564,5.651,5.764,5.827,312
"OW306",27,5.51,5.568,5.653,5.771,5.827,315
"OW306",28,5.511,5.573,5.656,5.772,5.828,317
"OW306",29,5.513,5.573,5.657,5.778,5.835,319
"OW306",30,5.516,5.574,5.661,5.782,5.838,322
"OW306",31,5.519,5.575,5.665,5.794,5.841,324
"OW306",32,5.527,5.577,5.666,5.795,5.843,327
"OW306",33,5.529,5.579,5.667,5.796,5.845,329
"OW306",34,5.529,5.582,5.667,5.796,5.845,330
"OW306",35,5.529,5.583,5.667,5.796,5.848,331
"OW306",36,5.529,5.584,5.667,5.796,5.85,332
"OW306",37,5.53,5.584,5.667,5.797,5.852,333
"OW306",38,5.529,5.587,5.667,5.798,5.852,332
"OW306",39,5.529,5.589,5.667,5.799,5.853,330
"OW306",40,5.534,5.591,5.667,5.801,5.854,323
"OW306",41,5.544,5.6,5.671,5.801,5.855,320
"OW306",42,5.544,5.603,5.673,5.801,5.858,319
"OW306",43,5.543,5.61,5.675,5.8,5.858,318
"OW306",44,5.543,5.619,5.679,5.798,5.859,318
"OW306",45,5.543,5.624,5.685,5.796,5.861,317
"OW306",46,5.543,5.626,5.685,5.795,5.863,317
"OW306",47,5.542,5.629,5.683,5.792,5.864,316
"OW306",48,5.548,5.631,5.684,5.791,5.866,316
"OW306",49,5.553,5.633,5.686,5.789,5.867,317
"OW306",50,5.557,5.633,5.686,5.789,5.869,317
"OW306",51,5.559,5.637,5.686,5.792,5.871,317
"OW306",52,5.56,5.642,5.686,5.793,5.872,317
"OW306",53,5.558,5.645,5.689,5.792,5.872,323
"OW306",54,5.524,5.648,5.686,5.792,5.873,327
"OW306",55,5.524,5.648,5.686,5.793,5.874,327
"OW306",56,5.526,5.649,5.687,5.794,5.875,328
"OW306",57,5.527,5.647,5.687,5.795,5.876,329
"OW306",58,5.529,5.644,5.688,5.795,5.876,330
"OW306",59,5.529,5.643,5.688,5.796,5.876,330
"OW306",60,5.53,5.641,5.688,5.797,5.875,331
"OW306",61,5.538,5.64,5.688,5.799,5.876,333
"OW306",62,5.542,5.638,5.687,5.8,5.874,334
"OW306",63,5.546,5.637,5.687,5.802,5.873,335
"OW306",64,5.54,5.632,5.686,5.802,5.872,334
"OW306",65,5.531,5.63,5.682,5.802,5.872,334
"OW306",66,5.52,5.628,5.676,5.802,5.87,334
"OW306",67,5.51,5.622,5.672,5.801,5.869,335
"OW306",68,5.501,5.619,5.671,5.801,5.869,329
"OW306",69,5.481,5.61,5.67,5.8,5.866,325
"OW306",70,5.467,5.605,5.667,5.799,5.863,325
"OW306",71,5.463,5.602,5.664,5.796,5.862,324
"OW306",72,5.46,5.598,5.661,5.791,5.86,323
"OW306",73,5.447,5.595,5.659,5.788,5.857,322
"OW306",74,5.443,5.588,5.656,5.787,5.851,321
"OW306",75,5.432,5.574,5.652,5.782,5.848,321
"OW306",76,5.417,5.565,5.645,5.776,5.842,319
"OW306",77,5.404,5.549,5.641,5.77,5.834,318
"OW306",78,5.396,5.53,5.633,5.76,5.83,317
"OW306",79,5.389,5.509,5.624,5.754,5.824,318
"OW306",80,5.374,5.483,5.618,5.746,5.824,318
"OW306",81,5.372,5.463,5.606,5.734,5.823,319
"OW306",82,5.371,5.451,5.602,5.729,5.823,319
"OW306",83,5.359,5.443,5.597,5.719,5.823,320
"OW306",84,5.319,5.429,5.584,5.702,5.821,327
"OW306",85,5.304,5.42,5.576,5.691,5.821,328
"OW306",86,5.289,5.414,5.572,5.678,5.822,328
"OW306",87,5.276,5.407,5.558,5.673,5.822,328
"OW306",88,5.246,5.399,5.538,5.658,5.822,328
"OW306",89,5.218,5.392,5.529,5.652,5.822,328
"OW306",90,5.215,5.385,5.505,5.648,5.821,327
"OW306",91,5.214,5.38,5.489,5.645,5.821,327
"OW306",92,5.213,5.372,5.47,5.642,5.822,328
"OW306",93,5.211,5.361,5.458,5.637,5.822,328
"OW306",94,5.202,5.35,5.45,5.634,5.822,327
"OW306",95,5.172,5.332,5.444,5.625,5.82,327
"OW306",96,5.151,5.312,5.431,5.619,5.816,326
"OW306",97,5.113,5.3,5.42,5.599,5.814,325
"OW306",98,5.086,5.292,5.414,5.594,5.813,324
"OW306",99,5.063,5.282,5.398,5.592,5.812,317
"OW306",100,5.051,5.263,5.386,5.592,5.8,316
"OW306",101,5.038,5.245,5.373,5.587,5.786,316
"OW306",102,5.026,5.218,5.354,5.584,5.768,316
"OW306",103,5.001,5.193,5.339,5.58,5.748,316
"OW306",104,4.988,5.164,5.333,5.576,5.728,316
"OW306",105,4.965,5.146,5.32,5.57,5.716,316
"OW306",106,4.925,5.125,5.308,5.558,5.714,316
"OW306",107,4.883,5.111,5.292,5.532,5.712,316
"OW306",108,4.88,5.095,5.288,5.516,5.704,316
"OW306",109,4.876,5.082,5.279,5.51,5.686,316
"OW306",110,4.863,5.077,5.269,5.495,5.667,316
"OW306",111,4.856,5.073,5.254,5.47,5.637,317
"OW306",112,4.841,5.061,5.245,5.436,5.622,318
"OW306",113,4.834,5.052,5.231,5.416,5.617,319
"OW306",114,4.815,5.012,5.214,5.372,5.611,326
"OW306",115,4.798,4.96,5.208,5.349,5.606,328
"OW306",116,4.778,4.917,5.196,5.344,5.598,328
"OW306",117,4.762,4.884,5.179,5.337,5.588,328
"OW306",118,4.755,4.882,5.165,5.32,5.572,328
"OW306",119,4.732,4.879,5.149,5.305,5.561,328
"OW306",120,4.727,4.871,5.118,5.288,5.552,328
"OW306",121,4.702,4.861,5.099,5.273,5.528,328
"OW306",122,4.691,4.853,5.079,5.253,5.511,327
"OW306",123,4.672,4.85,5.061,5.245,5.487,327
"OW306",124,4.656,4.849,5.05,5.237,5.464,327
"OW306",125,4.645,4.848,5.044,5.221,5.438,327
"OW306",126,4.623,4.848,5.039,5.213,5.417,326
"OW306",127,4.605,4.847,5.03,5.207,5.4,325
"OW306",128,4.596,4.847,5.024,5.202,5.395,324
"OW306",129,4.593,4.848,5.02,5.2,5.388,317
"OW306",130,4.59,4.848,5.015,5.193,5.382,315
"OW306",131,4.589,4.846,5.005,5.178,5.377,315
"OW306",132,4.586,4.844,5.001,5.155,5.37,315
"OW306",133,4.585,4.844,5,5.115,5.346,315
"OW306",134,4.57,4.826,4.997,5.099,5.321,315
"OW306",135,4.55,4.817,4.995,5.095,5.3,315
"OW306",136,4.542,4.814,4.995,5.094,5.273,317
"OW306",137,4.542,4.804,4.99,5.089,5.257,317
"OW306",138,4.542,4.79,4.981,5.085,5.248,317
"OW306",139,4.542,4.777,4.977,5.08,5.246,317
"OW306",140,4.542,4.774,4.971,5.078,5.243,317
"OW306",141,4.551,4.76,4.968,5.078,5.231,317
"OW306",142,4.564,4.76,4.965,5.077,5.222,318
"OW306",143,4.565,4.756,4.964,5.075,5.216,319
"OW306",144,4.572,4.759,4.965,5.075,5.207,322
"OW306",145,4.572,4.759,4.965,5.07,5.201,326
"OW306",146,4.571,4.753,4.968,5.077,5.196,329
"OW306",147,4.571,4.753,4.971,5.078,5.196,329
"OW306",148,4.576,4.754,4.971,5.078,5.2,329
"OW306",149,4.587,4.754,4.973,5.078,5.201,329
"OW306",150,4.593,4.76,4.976,5.078,5.203,329
"OW306",151,4.594,4.767,4.978,5.078,5.204,327
"OW306",152,4.601,4.772,4.979,5.079,5.206,328
"OW306",153,4.607,4.79,4.981,5.082,5.207,329
"OW306",154,4.614,4.803,4.987,5.084,5.207,330
"OW306",155,4.624,4.808,4.989,5.092,5.211,331
"OW306",156,4.628,4.82,4.994,5.097,5.215,332
"OW306",157,4.654,4.822,5.001,5.109,5.221,332
"OW306",158,4.663,4.833,5.006,5.115,5.227,332
"OW306",159,4.685,4.834,5.012,5.126,5.237,330
"OW306",160,4.701,4.839,5.02,5.131,5.251,327
"OW306",161,4.721,4.846,5.025,5.138,5.258,325
"OW306",162,4.727,4.847,5.03,5.148,5.273,326
"OW306",163,4.741,4.849,5.038,5.157,5.285,327
"OW306",164,4.741,4.85,5.045,5.165,5.297,328
"OW306",165,4.741,4.853,5.052,5.184,5.311,330
"OW306",166,4.742,4.855,5.057,5.194,5.32,331
"OW306",167,4.75,4.856,5.061,5.206,5.325,331
"OW306",168,4.753,4.862,5.071,5.215,5.334,332
"OW306",169,4.763,4.866,5.073,5.22,5.346,332
"OW306",170,4.765,4.875,5.083,5.227,5.355,333
"OW306",171,4.766,4.879,5.085,5.236,5.367,333
"OW306",172,4.778,4.893,5.093,5.241,5.373,333
"OW306",173,4.784,4.897,5.101,5.245,5.381,332
"OW306",174,4.786,4.905,5.114,5.251,5.388,332
"OW306",175,4.788,4.906,5.12,5.253,5.396,337
"OW306",176,4.8,4.905,5.128,5.262,5.4,340
"OW306",177,4.807,4.908,5.136,5.269,5.405,339
"OW306",178,4.813,4.913,5.143,5.273,5.409,338
"OW306",179,4.816,4.923,5.147,5.277,5.409,337
"OW306",180,4.819,4.933,5.157,5.285,5.412,335
"OW306",181,4.826,4.95,5.163,5.293,5.414,334
"OW306",182,4.832,4.965,5.173,5.299,5.42,333
"OW306",183,4.838,4.987,5.179,5.311,5.421,331
"OW306",184,4.853,5.003,5.187,5.323,5.425,330
"OW306",185,4.863,5.015,5.198,5.338,5.434,328
"OW306",186,4.878,5.032,5.21,5.347,5.437,327
"OW306",187,4.893,5.041,5.22,5.357,5.449,326
"OW306",188,4.902,5.053,5.23,5.368,5.464,326
"OW306",189,4.913,5.065,5.244,5.375,5.478,325
"OW306",190,4.938,5.085,5.257,5.383,5.491,319
"OW306",191,4.959,5.106,5.266,5.39,5.499,315
"OW306",192,4.977,5.124,5.275,5.402,5.505,315
"OW306",193,4.995,5.141,5.286,5.409,5.513,315
"OW306",194,5.015,5.157,5.299,5.417,5.519,315
"OW306",195,5.038,5.174,5.307,5.425,5.529,315
"OW306",196,5.055,5.189,5.32,5.434,5.533,316
"OW306",197,5.07,5.202,5.334,5.44,5.542,316
"OW306",198,5.085,5.209,5.348,5.452,5.553,317
"OW306",199,5.101,5.223,5.358,5.46,5.565,317
"OW306",200,5.111,5.233,5.37,5.466,5.569,317
"OW306",201,5.124,5.241,5.385,5.473,5.575,318
"OW306",202,5.129,5.255,5.397,5.477,5.584,318
"OW306",203,5.134,5.264,5.406,5.484,5.594,318
"OW306",204,5.143,5.278,5.416,5.493,5.603,319
"OW306",205,5.152,5.289,5.426,5.501,5.611,320
"OW306",206,5.167,5.303,5.429,5.508,5.619,324
"OW306",207,5.178,5.31,5.432,5.51,5.625,329
"OW306",208,5.196,5.318,5.44,5.516,5.632,329
"OW306",209,5.214,5.327,5.45,5.522,5.64,328
"OW306",210,5.228,5.339,5.457,5.529,5.647,327
"OW306",211,5.241,5.349,5.464,5.541,5.652,325
"OW306",212,5.249,5.354,5.467,5.548,5.654,324
"OW306",213,5.26,5.361,5.476,5.55,5.658,322
"OW306",214,5.272,5.37,5.484,5.554,5.664,321
"OW306",215,5.288,5.374,5.491,5.559,5.673,320
"OW306",216,5.302,5.382,5.497,5.565,5.677,318
"OW306",217,5.317,5.39,5.505,5.573,5.683,317
"OW306",218,5.327,5.395,5.509,5.579,5.69,316
"OW306",219,5.338,5.402,5.515,5.585,5.694,314
"OW306",220,5.35,5.411,5.519,5.588,5.702,312
"OW306",221,5.356,5.424,5.525,5.592,5.706,307
"OW306",222,5.371,5.432,5.535,5.595,5.711,301
"OW306",223,5.378,5.435,5.538,5.599,5.717,300
"OW306",224,5.388,5.442,5.541,5.603,5.72,300
"OW306",225,5.394,5.449,5.546,5.609,5.721,300
"OW306",226,5.402,5.456,5.551,5.612,5.722,300
"OW306",227,5.41,5.462,5.554,5.614,5.725,300
"OW306",228,5.418,5.471,5.557,5.621,5.727,301
"OW306",229,5.426,5.477,5.558,5.626,5.727,301
"OW306",230,5.433,5.479,5.56,5.633,5.732,303
"OW306",231,5.436,5.481,5.563,5.636,5.733,303
"OW306",232,5.443,5.484,5.57,5.639,5.733,303
"OW306",233,5.453,5.485,5.573,5.64,5.734,304
"OW306",234,5.457,5.488,5.578,5.645,5.736,304
"OW306",235,5.466,5.489,5.58,5.647,5.739,304
"OW306",236,5.471,5.491,5.583,5.649,5.74,305
"OW306",237,5.472,5.493,5.585,5.654,5.741,311
"OW306",238,5.474,5.499,5.587,5.659,5.74,313
"OW306",239,5.477,5.502,5.591,5.666,5.739,314
"OW306",240,5.479,5.506,5.596,5.669,5.738,315
"OW306",241,5.479,5.511,5.599,5.672,5.734,317
"OW306",242,5.481,5.513,5.601,5.675,5.734,318
"OW306",243,5.483,5.518,5.604,5.678,5.734,319
"OW306",244,5.484,5.523,5.608,5.679,5.735,319
"OW306",245,5.485,5.526,5.609,5.679,5.734,317
"OW306",246,5.485,5.53,5.614,5.681,5.735,317
"OW306",247,5.488,5.533,5.617,5.683,5.736,317
"OW306",248,5.49,5.536,5.619,5.683,5.74,316
"OW306",249,5.492,5.543,5.622,5.683,5.745,316
"OW306",250,5.494,5.547,5.626,5.685,5.747,316
"OW306",251,5.496,5.551,5.628,5.687,5.751,315
"OW306",252,5.501,5.559,5.634,5.69,5.759,309
"OW306",253,5.504,5.563,5.634,5.692,5.761,307
"OW306",254,5.505,5.567,5.634,5.694,5.764,306
"OW306",255,5.505,5.572,5.634,5.695,5.764,305
"OW306",256,5.506,5.576,5.635,5.698,5.765,303
"OW306",257,5.512,5.579,5.635,5.7,5.765,303
"OW306",258,5.536,5.584,5.635,5.701,5.765,301
"OW306",259,5.541,5.586,5.635,5.701,5.765,301
"OW306",260,5.544,5.589,5.634,5.698,5.765,301
"OW306",261,5.544,5.59,5.634,5.7,5.765,303
"OW306",262,5.518,5.589,5.631,5.7,5.765,304
"OW306",263,5.515,5.59,5.628,5.7,5.765,304
"OW306",264,5.51,5.59,5.624,5.7,5.765,304
"OW306",265,5.509,5.59,5.623,5.7,5.765,304
"OW306",266,5.507,5.591,5.622,5.7,5.766,305
"OW306",267,5.506,5.59,5.622,5.698,5.766,311
"OW306",268,5.501,5.59,5.622,5.698,5.767,313
"OW306",269,5.5,5.59,5.622,5.698,5.77,315
"OW306",270,5.496,5.59,5.622,5.698,5.772,315
"OW306",271,5.495,5.59,5.622,5.698,5.774,315
"OW306",272,5.49,5.591,5.622,5.697,5.775,314
"OW306",273,5.488,5.591,5.622,5.697,5.775,314
"OW306",274,5.487,5.591,5.622,5.697,5.775,314
"OW306",275,5.486,5.592,5.623,5.696,5.775,315
"OW306",276,5.482,5.592,5.623,5.687,5.775,313
"OW306",277,5.482,5.593,5.624,5.686,5.776,312
"OW306",278,5.477,5.593,5.625,5.686,5.776,312
"OW306",279,5.476,5.594,5.626,5.686,5.775,312
"OW306",280,5.476,5.594,5.627,5.686,5.774,312
"OW306",281,5.476,5.594,5.629,5.686,5.774,311
"OW306",282,5.486,5.595,5.63,5.687,5.775,305
"OW306",283,5.492,5.597,5.631,5.687,5.775,303
"OW306",284,5.496,5.596,5.631,5.687,5.775,301
"OW306",285,5.498,5.595,5.63,5.687,5.775,301
"OW306",286,5.499,5.594,5.63,5.687,5.773,301
"OW306",287,5.501,5.593,5.628,5.687,5.77,301
"OW306",288,5.506,5.588,5.627,5.687,5.764,301
"OW306",289,5.508,5.588,5.626,5.702,5.764,302
"OW306",290,5.511,5.586,5.626,5.707,5.764,302
"OW306",291,5.513,5.585,5.625,5.704,5.764,302
"OW306",292,5.514,5.584,5.623,5.694,5.766,302
"OW306",293,5.515,5.582,5.622,5.692,5.766,303
"OW306",294,5.517,5.576,5.62,5.686,5.766,303
"OW306",295,5.517,5.573,5.618,5.684,5.766,303
"OW306",296,5.517,5.569,5.617,5.678,5.766,303
"OW306",297,5.518,5.565,5.616,5.675,5.767,305
"OW306",298,5.517,5.558,5.615,5.666,5.767,309
"OW306",299,5.517,5.557,5.615,5.665,5.767,312
"OW306",300,5.517,5.555,5.616,5.664,5.767,314
"OW306",301,5.517,5.553,5.617,5.664,5.766,314
"OW306",302,5.517,5.553,5.619,5.665,5.764,313
"OW306",303,5.516,5.551,5.62,5.665,5.764,313
"OW306",304,5.515,5.55,5.622,5.659,5.764,312
"OW306",305,5.51,5.545,5.623,5.658,5.764,311
"OW306",306,5.508,5.545,5.624,5.658,5.764,311
"OW306",307,5.506,5.545,5.625,5.658,5.764,311
"OW306",308,5.504,5.545,5.625,5.658,5.763,309
"OW306",309,5.502,5.545,5.626,5.659,5.763,308
"OW306",310,5.498,5.545,5.626,5.661,5.763,308
"OW306",311,5.497,5.545,5.627,5.662,5.761,308
"OW306",312,5.496,5.544,5.628,5.665,5.759,306
"OW306",313,5.495,5.545,5.629,5.666,5.759,302
"OW306",314,5.497,5.547,5.63,5.667,5.759,299
"OW306",315,5.498,5.548,5.631,5.668,5.758,297
"OW306",316,5.499,5.549,5.629,5.669,5.757,297
"OW306",317,5.5,5.549,5.628,5.67,5.757,298
"OW306",318,5.502,5.549,5.628,5.671,5.757,299
"OW306",319,5.505,5.55,5.627,5.674,5.757,299
"OW306",320,5.51,5.551,5.628,5.676,5.757,300
"OW306",321,5.517,5.552,5.628,5.677,5.757,300
"OW306",322,5.523,5.554,5.63,5.682,5.758,300
"OW306",323,5.524,5.555,5.631,5.684,5.756,300
"OW306",324,5.525,5.555,5.633,5.689,5.756,302
"OW306",325,5.525,5.556,5.633,5.694,5.756,302
"OW306",326,5.525,5.556,5.633,5.694,5.758,302
"OW306",327,5.525,5.556,5.63,5.696,5.759,302
"OW306",328,5.524,5.555,5.624,5.696,5.759,309
"OW306",329,5.524,5.554,5.624,5.697,5.761,311
"OW306",330,5.524,5.553,5.624,5.698,5.762,311
"OW306",331,5.524,5.553,5.625,5.7,5.762,311
"OW306",332,5.525,5.557,5.628,5.7,5.762,311
"OW306",333,5.524,5.559,5.627,5.701,5.762,310
"OW306",334,5.524,5.56,5.629,5.702,5.762,310
"OW306",335,5.523,5.56,5.63,5.703,5.762,309
"OW306",336,5.523,5.56,5.632,5.703,5.762,309
"OW306",337,5.523,5.561,5.633,5.703,5.762,309
"OW306",338,5.522,5.565,5.633,5.703,5.762,310
"OW306",339,5.522,5.566,5.633,5.703,5.761,309
"OW306",340,5.522,5.566,5.633,5.703,5.76,309
"OW306",341,5.522,5.566,5.633,5.704,5.76,309
"OW306",342,5.52,5.567,5.634,5.705,5.758,309
"OW306",343,5.52,5.567,5.638,5.705,5.757,302
"OW306",344,5.521,5.567,5.641,5.706,5.757,300
"OW306",345,5.52,5.567,5.643,5.706,5.756,300
"OW306",346,5.519,5.567,5.646,5.712,5.756,301
"OW306",347,5.518,5.567,5.648,5.715,5.756,301
"OW306",348,5.513,5.566,5.651,5.718,5.757,302
"OW306",349,5.513,5.566,5.653,5.718,5.759,303
"OW306",350,5.514,5.564,5.654,5.715,5.76,304
"OW306",351,5.515,5.561,5.656,5.712,5.761,305
"OW306",352,5.51,5.558,5.657,5.711,5.762,306
"OW306",353,5.505,5.554,5.657,5.711,5.764,307
"OW306",354,5.505,5.551,5.657,5.711,5.765,308
"OW306",355,5.512,5.548,5.658,5.711,5.766,310
"OW306",356,5.512,5.549,5.658,5.711,5.766,312
"OW306",357,5.508,5.549,5.658,5.711,5.767,313
"OW306",358,5.499,5.549,5.658,5.71,5.768,315
"OW306",359,5.498,5.548,5.658,5.71,5.769,302
"OW306",360,5.488,5.548,5.658,5.711,5.77,308
"OW306",361,5.484,5.549,5.657,5.711,5.772,309
"OW306",362,5.484,5.549,5.657,5.712,5.772,311
"OW306",363,5.483,5.552,5.657,5.713,5.774,311
"OW306",364,5.48,5.557,5.658,5.714,5.778,311
"OW306",365,5.479,5.56,5.659,5.717,5.778,310
"OW306",366,5.477,5.563,5.659,5.719,5.779,309
"OW444",1,9.702,9.902,9.979,10.024,10.088,114
"OW444",2,9.697,9.902,9.979,10.024,10.088,114
"OW444",3,9.692,9.902,9.979,10.023,10.088,114
"OW444",4,9.689,9.902,9.978,10.023,10.088,114
"OW444",5,9.686,9.902,9.977,10.023,10.088,114
"OW444",6,9.681,9.902,9.977,10.022,10.088,114
"OW444",7,9.674,9.902,9.975,10.022,10.088,114
"OW444",8,9.671,9.901,9.967,10.022,10.088,120
"OW444",9,9.668,9.901,9.962,10.02,10.085,120
"OW444",10,9.664,9.901,9.956,10.017,10.083,120
"OW444",11,9.657,9.901,9.952,10.017,10.079,120
"OW444",12,9.651,9.901,9.949,10.017,10.074,120
"OW444",13,9.65,9.901,9.949,10.018,10.073,120
"OW444",14,9.647,9.905,9.951,10.018,10.069,120
"OW444",15,9.642,9.908,9.952,10.018,10.064,120
"OW444",16,9.637,9.908,9.952,10.019,10.06,120
"OW444",17,9.632,9.908,9.953,10.019,10.057,120
"OW444",18,9.629,9.909,9.953,10.019,10.054,120
"OW444",19,9.626,9.909,9.951,10.019,10.05,120
"OW444",20,9.621,9.904,9.949,10.019,10.046,120
"OW444",21,9.616,9.897,9.947,10.019,10.041,120
"OW444",22,9.611,9.891,9.946,10.019,10.035,120
"OW444",23,9.607,9.884,9.945,10.018,10.034,120
"OW444",24,9.604,9.88,9.944,10.017,10.033,120
"OW444",25,9.6,9.877,9.943,10.016,10.032,120
"OW444",26,9.6,9.875,9.938,10.016,10.028,120
"OW444",27,9.6,9.872,9.935,10.016,10.025,120
"OW444",28,9.6,9.87,9.935,10.011,10.023,120
"OW444",29,9.604,9.869,9.935,10.008,10.022,120
"OW444",30,9.609,9.867,9.935,10.005,10.021,120
"OW444",31,9.611,9.866,9.934,10.001,10.02,120
"OW444",32,9.613,9.864,9.934,9.998,10.019,120
"OW444",33,9.614,9.863,9.933,9.997,10.019,120
"OW444",34,9.617,9.863,9.932,9.995,10.019,120
"OW444",35,9.62,9.852,9.932,9.994,10.018,120
"OW444",36,9.622,9.843,9.93,9.994,10.017,120
"OW444",37,9.626,9.835,9.928,9.993,10.016,120
"OW444",38,9.63,9.828,9.928,9.992,10.016,120
"OW444",39,9.631,9.821,9.927,9.99,10.016,120
"OW444",40,9.632,9.812,9.926,9.988,10.016,120
"OW444",41,9.635,9.805,9.925,9.981,10.016,120
"OW444",42,9.638,9.799,9.925,9.971,10.016,120
"OW444",43,9.642,9.794,9.924,9.959,10.016,120
"OW444",44,9.644,9.789,9.923,9.95,10.017,120
"OW444",45,9.645,9.785,9.922,9.95,10.02,120
"OW444",46,9.646,9.785,9.922,9.951,10.022,120
"OW444",47,9.652,9.785,9.922,9.951,10.027,120
"OW444",48,9.659,9.785,9.922,9.952,10.03,120
"OW444",49,9.664,9.785,9.922,9.952,10.032,120
"OW444",50,9.666,9.785,9.922,9.952,10.037,120
"OW444",51,9.67,9.785,9.922,9.952,10.042,120
"OW444",52,9.672,9.785,9.922,9.952,10.045,120
"OW444",53,9.672,9.785,9.923,9.952,10.048,120
"OW444",54,9.673,9.785,9.926,9.952,10.051,120
"OW444",55,9.676,9.785,9.927,9.952,10.054,120
"OW444",56,9.68,9.785,9.929,9.952,10.057,120
"OW444",57,9.684,9.785,9.931,9.952,10.059,120
"OW444",58,9.688,9.785,9.931,9.952,10.063,120
"OW444",59,9.692,9.785,9.931,9.952,10.066,120
"OW444",60,9.693,9.784,9.931,9.952,10.069,120
"OW444",61,9.693,9.785,9.929,9.952,10.07,120
"OW444",62,9.694,9.789,9.928,9.952,10.07,120
"OW444",63,9.694,9.792,9.927,9.952,10.073,120
"OW444",64,9.697,9.792,9.926,9.948,10.074,120
"OW444",65,9.701,9.794,9.925,9.948,10.077,120
"OW444",66,9.704,9.793,9.925,9.951,10.078,120
"OW444",67,9.707,9.793,9.924,9.952,10.081,120
"OW444",68,9.713,9.795,9.924,9.954,10.082,120
"OW444",69,9.716,9.794,9.924,9.955,10.084,120
"OW444",70,9.719,9.794,9.923,9.954,10.087,120
"OW444",71,9.721,9.794,9.923,9.954,10.088,120
"OW444",72,9.723,9.794,9.922,9.953,10.09,120
"OW444",73,9.723,9.794,9.922,9.952,10.092,120
"OW444",74,9.726,9.795,9.92,9.951,10.094,120
"OW444",75,9.727,9.797,9.919,9.95,10.097,120
"OW444",76,9.727,9.797,9.912,9.949,10.098,120
"OW444",77,9.726,9.797,9.906,9.948,10.099,120
"OW444",78,9.726,9.797,9.903,9.947,10.101,120
"OW444",79,9.723,9.8,9.894,9.946,10.102,120
"OW444",80,9.723,9.8,9.888,9.937,10.103,120
"OW444",81,9.723,9.798,9.882,9.924,10.103,120
"OW444",82,9.721,9.792,9.875,9.922,10.103,120
"OW444",83,9.719,9.785,9.865,9.92,10.101,120
"OW444",84,9.714,9.778,9.852,9.912,10.099,120
"OW444",85,9.71,9.771,9.843,9.904,10.097,120
"OW444",86,9.699,9.763,9.841,9.901,10.095,120
"OW444",87,9.689,9.756,9.84,9.894,10.092,120
"OW444",88,9.677,9.752,9.838,9.889,10.089,120
"OW444",89,9.666,9.742,9.836,9.884,10.087,120
"OW444",90,9.656,9.73,9.83,9.878,10.084,120
"OW444",91,9.646,9.723,9.824,9.874,10.081,120
"OW444",92,9.637,9.714,9.82,9.867,10.078,120
"OW444",93,9.629,9.702,9.807,9.859,10.076,121
"OW444",94,9.62,9.683,9.799,9.847,10.072,122
"OW444",95,9.608,9.666,9.789,9.842,10.067,123
"OW444",96,9.596,9.65,9.778,9.838,10.061,124
"OW444",97,9.586,9.64,9.763,9.832,10.051,125
"OW444",98,9.576,9.629,9.756,9.825,10.037,126
"OW444",99,9.564,9.616,9.744,9.824,10.025,127
"OW444",100,9.543,9.606,9.727,9.822,10.015,128
"OW444",101,9.526,9.595,9.713,9.817,10.005,129
"OW444",102,9.514,9.584,9.693,9.811,9.995,130
"OW444",103,9.495,9.577,9.668,9.804,9.985,131
"OW444",104,9.477,9.571,9.653,9.794,9.974,132
"OW444",105,9.465,9.566,9.64,9.784,9.964,133
"OW444",106,9.447,9.545,9.627,9.774,9.953,134
"OW444",107,9.429,9.528,9.614,9.76,9.942,135
"OW444",108,9.413,9.512,9.597,9.746,9.933,135
"OW444",109,9.397,9.495,9.588,9.73,9.923,135
"OW444",110,9.385,9.475,9.58,9.715,9.91,135
"OW444",111,9.37,9.458,9.573,9.7,9.896,135
"OW444",112,9.356,9.442,9.568,9.68,9.879,135
"OW444",113,9.341,9.424,9.557,9.659,9.859,135
"OW444",114,9.321,9.409,9.546,9.641,9.834,135
"OW444",115,9.305,9.394,9.529,9.625,9.802,135
"OW444",116,9.288,9.381,9.516,9.606,9.775,135
"OW444",117,9.267,9.37,9.498,9.586,9.747,135
"OW444",118,9.246,9.358,9.482,9.574,9.73,135
"OW444",119,9.218,9.341,9.464,9.567,9.705,135
"OW444",120,9.185,9.321,9.44,9.552,9.681,135
"OW444",121,9.149,9.3,9.415,9.542,9.65,135
"OW444",122,9.124,9.281,9.393,9.524,9.618,135
"OW444",123,9.095,9.259,9.372,9.508,9.585,135
"OW444",124,9.07,9.238,9.36,9.489,9.56,135
"OW444",125,9.048,9.223,9.343,9.466,9.548,135
"OW444",126,9.022,9.204,9.329,9.438,9.53,135
"OW444",127,9.009,9.182,9.309,9.413,9.512,135
"OW444",128,8.982,9.161,9.284,9.392,9.489,135
"OW444",129,8.967,9.126,9.266,9.374,9.467,135
"OW444",130,8.927,9.091,9.247,9.361,9.438,135
"OW444",131,8.875,9.072,9.229,9.345,9.413,135
"OW444",132,8.824,9.038,9.215,9.331,9.394,135
"OW444",133,8.771,9.014,9.192,9.321,9.382,135
"OW444",134,8.715,8.983,9.17,9.299,9.367,135
"OW444",135,8.653,8.968,9.148,9.273,9.349,135
"OW444",136,8.586,8.942,9.127,9.252,9.333,135
"OW444",137,8.506,8.925,9.106,9.23,9.331,135
"OW444",138,8.424,8.918,9.088,9.218,9.328,135
"OW444",139,8.356,8.911,9.078,9.202,9.326,135
"OW444",140,8.293,8.882,9.064,9.188,9.324,135
"OW444",141,8.23,8.844,9.049,9.169,9.323,135
"OW444",142,8.169,8.798,9.036,9.15,9.322,135
"OW444",143,8.111,8.754,9.026,9.131,9.322,135
"OW444",144,8.057,8.713,9.021,9.115,9.322,135
"OW444",145,8.009,8.673,9.02,9.103,9.319,135
"OW444",146,7.991,8.639,9.02,9.09,9.317,135
"OW444",147,7.999,8.614,9.015,9.079,9.317,135
"OW444",148,8.018,8.576,9.004,9.07,9.317,135
"OW444",149,8.04,8.546,9,9.064,9.317,135
"OW444",150,8.064,8.521,8.989,9.059,9.317,135
"OW444",151,8.089,8.5,8.985,9.056,9.317,135
"OW444",152,8.115,8.488,8.974,9.052,9.317,135
"OW444",153,8.139,8.484,8.966,9.051,9.317,135
"OW444",154,8.161,8.481,8.957,9.05,9.317,135
"OW444",155,8.183,8.472,8.957,9.049,9.317,135
"OW444",156,8.207,8.471,8.956,9.047,9.317,135
"OW444",157,8.231,8.471,8.944,9.047,9.317,135
"OW444",158,8.253,8.471,8.938,9.047,9.317,135
"OW444",159,8.278,8.471,8.938,9.047,9.317,135
"OW444",160,8.303,8.471,8.938,9.047,9.317,135
"OW444",161,8.319,8.484,8.938,9.054,9.319,135
"OW444",162,8.324,8.501,8.938,9.062,9.321,135
"OW444",163,8.325,8.523,8.938,9.072,9.323,135
"OW444",164,8.326,8.546,8.938,9.083,9.33,135
"OW444",165,8.328,8.568,8.938,9.088,9.337,135
"OW444",166,8.33,8.585,8.949,9.094,9.342,135
"OW444",167,8.334,8.585,8.956,9.103,9.351,135
"OW444",168,8.341,8.585,8.957,9.111,9.358,135
"OW444",169,8.342,8.585,8.959,9.12,9.362,135
"OW444",170,8.346,8.584,8.966,9.128,9.368,135
"OW444",171,8.352,8.572,8.971,9.138,9.375,135
"OW444",172,8.355,8.572,8.984,9.152,9.381,135
"OW444",173,8.362,8.577,8.993,9.163,9.377,134
"OW444",174,8.374,8.578,8.999,9.17,9.37,133
"OW444",175,8.388,8.582,9.009,9.183,9.371,132
"OW444",176,8.401,8.587,9.014,9.191,9.372,131
"OW444",177,8.418,8.59,9.026,9.203,9.373,130
"OW444",178,8.434,8.591,9.035,9.207,9.374,129
"OW444",179,8.453,8.596,9.046,9.223,9.375,128
"OW444",180,8.473,8.604,9.062,9.231,9.376,127
"OW444",181,8.493,8.613,9.072,9.246,9.377,126
"OW444",182,8.51,8.636,9.087,9.251,9.382,125
"OW444",183,8.528,8.643,9.099,9.269,9.392,124
"OW444",184,8.544,8.652,9.108,9.279,9.399,123
"OW444",185,8.562,8.663,9.123,9.291,9.409,122
"OW444",186,8.578,8.679,9.136,9.307,9.423,121
"OW444",187,8.589,8.69,9.149,9.319,9.435,120
"OW444",188,8.599,8.707,9.164,9.341,9.449,120
"OW444",189,8.619,8.723,9.176,9.363,9.454,120
"OW444",190,8.636,8.746,9.191,9.383,9.466,120
"OW444",191,8.645,8.769,9.207,9.402,9.469,120
"OW444",192,8.656,8.792,9.221,9.419,9.486,120
"OW444",193,8.667,8.817,9.236,9.435,9.496,120
"OW444",194,8.683,8.843,9.251,9.45,9.505,120
"OW444",195,8.707,8.867,9.266,9.455,9.523,120
"OW444",196,8.721,8.893,9.282,9.466,9.539,120
"OW444",197,8.739,8.917,9.3,9.47,9.553,120
"OW444",198,8.762,8.941,9.317,9.486,9.564,120
"OW444",199,8.783,8.968,9.333,9.497,9.58,120
"OW444",200,8.811,8.992,9.35,9.506,9.591,120
"OW444",201,8.836,9.015,9.367,9.523,9.608,120
"OW444",202,8.861,9.037,9.382,9.537,9.618,119
"OW444",203,8.886,9.062,9.397,9.553,9.631,119
"OW444",204,8.91,9.086,9.414,9.567,9.649,119
"OW444",205,8.937,9.11,9.431,9.581,9.662,119
"OW444",206,8.964,9.135,9.447,9.589,9.677,119
"OW444",207,8.989,9.16,9.465,9.602,9.692,119
"OW444",208,9.013,9.184,9.483,9.616,9.718,119
"OW444",209,9.038,9.207,9.502,9.626,9.731,119
"OW444",210,9.062,9.231,9.516,9.642,9.744,119
"OW444",211,9.086,9.254,9.53,9.654,9.759,119
"OW444",212,9.11,9.278,9.543,9.666,9.774,119
"OW444",213,9.135,9.299,9.558,9.677,9.788,119
"OW444",214,9.159,9.321,9.572,9.689,9.801,119
"OW444",215,9.183,9.34,9.587,9.707,9.81,119
"OW444",216,9.208,9.36,9.6,9.721,9.815,119
"OW444",217,9.232,9.379,9.611,9.734,9.821,120
"OW444",218,9.255,9.397,9.621,9.744,9.828,120
"OW444",219,9.28,9.415,9.633,9.756,9.837,120
"OW444",220,9.3,9.434,9.645,9.768,9.843,120
"OW444",221,9.321,9.452,9.656,9.781,9.854,120
"OW444",222,9.34,9.47,9.668,9.792,9.863,120
"OW444",223,9.361,9.488,9.68,9.802,9.869,120
"OW444",224,9.379,9.506,9.693,9.81,9.876,120
"OW444",225,9.397,9.52,9.706,9.813,9.882,120
"OW444",226,9.415,9.536,9.718,9.82,9.89,120
"OW444",227,9.434,9.551,9.73,9.826,9.895,120
"OW444",228,9.452,9.566,9.741,9.832,9.9,120
"OW444",229,9.47,9.581,9.751,9.839,9.906,120
"OW444",230,9.489,9.596,9.761,9.847,9.914,120
"OW444",231,9.508,9.609,9.769,9.855,9.921,120
"OW444",232,9.523,9.622,9.781,9.861,9.927,120
"OW444",233,9.537,9.633,9.792,9.867,9.933,120
"OW444",234,9.551,9.646,9.8,9.874,9.939,120
"OW444",235,9.567,9.659,9.807,9.88,9.945,120
"OW444",236,9.581,9.671,9.818,9.885,9.952,120
"OW444",237,9.597,9.683,9.827,9.89,9.958,120
"OW444",238,9.61,9.695,9.836,9.896,9.965,120
"OW444",239,9.622,9.708,9.845,9.903,9.971,120
"OW444",240,9.633,9.72,9.852,9.91,9.978,120
"OW444",241,9.646,9.732,9.859,9.916,9.984,120
"OW444",242,9.659,9.744,9.866,9.922,9.99,120
"OW444",243,9.672,9.754,9.873,9.928,9.996,120
"OW444",244,9.685,9.763,9.878,9.935,10.002,120
"OW444",245,9.698,9.773,9.883,9.942,10.007,120
"OW444",246,9.711,9.781,9.889,9.948,10.012,120
"OW444",247,9.725,9.789,9.894,9.954,10.017,120
"OW444",248,9.738,9.795,9.9,9.956,10.022,120
"OW444",249,9.749,9.804,9.905,9.958,10.027,120
"OW444",250,9.759,9.814,9.911,9.964,10.032,120
"OW444",251,9.771,9.819,9.918,9.969,10.037,120
"OW444",252,9.781,9.827,9.925,9.975,10.041,120
"OW444",253,9.789,9.835,9.931,9.98,10.046,120
"OW444",254,9.796,9.842,9.936,9.984,10.05,120
"OW444",255,9.804,9.849,9.939,9.989,10.054,120
"OW444",256,9.814,9.854,9.942,9.993,10.058,120
"OW444",257,9.819,9.86,9.945,9.997,10.062,120
"OW444",258,9.828,9.865,9.946,10.002,10.066,120
"OW444",259,9.835,9.869,9.947,10.007,10.069,120
"OW444",260,9.842,9.874,9.947,10.011,10.073,120
"OW444",261,9.849,9.879,9.947,10.015,10.076,120
"OW444",262,9.854,9.885,9.947,10.019,10.079,120
"OW444",263,9.86,9.886,9.947,10.023,10.082,120
"OW444",264,9.866,9.89,9.947,10.027,10.085,120
"OW444",265,9.869,9.893,9.947,10.031,10.086,120
"OW444",266,9.871,9.894,9.949,10.033,10.088,120
"OW444",267,9.872,9.895,9.953,10.036,10.09,120
"OW444",268,9.872,9.898,9.958,10.037,10.092,120
"OW444",269,9.872,9.9,9.964,10.04,10.092,120
"OW444",270,9.872,9.901,9.968,10.042,10.092,120
"OW444",271,9.872,9.903,9.973,10.044,10.092,120
"OW444",272,9.872,9.906,9.977,10.047,10.092,120
"OW444",273,9.872,9.906,9.981,10.048,10.092,120
"OW444",274,9.872,9.909,9.985,10.05,10.092,120
"OW444",275,9.872,9.912,9.989,10.052,10.094,120
"OW444",276,9.871,9.913,9.992,10.054,10.095,120
"OW444",277,9.866,9.915,9.995,10.056,10.095,120
"OW444",278,9.859,9.916,9.997,10.058,10.096,120
"OW444",279,9.853,9.918,9.998,10.06,10.096,120
"OW444",280,9.846,9.92,9.999,10.062,10.097,120
"OW444",281,9.841,9.922,10,10.064,10.097,120
"OW444",282,9.836,9.925,10,10.065,10.098,120
"OW444",283,9.832,9.927,10,10.067,10.098,120
"OW444",284,9.828,9.929,10.001,10.069,10.1,120
"OW444",285,9.822,9.931,10.004,10.071,10.1,120
"OW444",286,9.818,9.934,10.006,10.072,10.102,120
"OW444",287,9.815,9.937,10.007,10.072,10.102,120
"OW444",288,9.811,9.939,10.01,10.072,10.103,120
"OW444",289,9.807,9.941,10.011,10.073,10.104,120
"OW444",290,9.803,9.944,10.013,10.073,10.104,120
"OW444",291,9.799,9.946,10.015,10.074,10.105,120
"OW444",292,9.797,9.947,10.016,10.073,10.105,120
"OW444",293,9.795,9.947,10.017,10.072,10.105,120
"OW444",294,9.793,9.948,10.019,10.071,10.105,120
"OW444",295,9.79,9.948,10.021,10.07,10.106,120
"OW444",296,9.789,9.949,10.023,10.069,10.106,120
"OW444",297,9.786,9.949,10.025,10.068,10.106,120
"OW444",298,9.785,9.949,10.027,10.067,10.106,120
"OW444",299,9.783,9.949,10.029,10.066,10.105,120
"OW444",300,9.781,9.949,10.031,10.066,10.105,120
"OW444",301,9.78,9.949,10.034,10.065,10.105,120
"OW444",302,9.777,9.949,10.035,10.063,10.103,120
"OW444",303,9.776,9.949,10.035,10.061,10.101,120
"OW444",304,9.776,9.949,10.037,10.06,10.1,120
"OW444",305,9.776,9.949,10.037,10.059,10.1,120
"OW444",306,9.777,9.951,10.036,10.059,10.099,120
"OW444",307,9.778,9.951,10.035,10.059,10.099,120
"OW444",308,9.779,9.952,10.035,10.059,10.097,120
"OW444",309,9.781,9.953,10.034,10.059,10.094,120
"OW444",310,9.785,9.954,10.034,10.059,10.092,120
"OW444",311,9.786,9.955,10.034,10.059,10.09,120
"OW444",312,9.789,9.956,10.034,10.059,10.088,120
"OW444",313,9.791,9.956,10.034,10.059,10.087,120
"OW444",314,9.793,9.956,10.034,10.059,10.086,120
"OW444",315,9.797,9.954,10.033,10.059,10.083,120
"OW444",316,9.798,9.952,10.025,10.059,10.079,120
"OW444",317,9.799,9.95,10.009,10.058,10.079,120
"OW444",318,9.8,9.948,10.004,10.055,10.079,120
"OW444",319,9.802,9.947,10,10.051,10.079,120
"OW444",320,9.803,9.945,9.998,10.05,10.079,120
"OW444",321,9.803,9.944,9.997,10.05,10.079,120
"OW444",322,9.804,9.944,9.995,10.05,10.078,120
"OW444",323,9.805,9.946,9.994,10.05,10.078,120
"OW444",324,9.806,9.946,9.993,10.05,10.078,120
"OW444",325,9.807,9.946,9.992,10.05,10.078,120
"OW444",326,9.807,9.947,9.992,10.05,10.078,120
"OW444",327,9.811,9.947,9.991,10.05,10.078,120
"OW444",328,9.811,9.948,9.99,10.05,10.078,120
"OW444",329,9.811,9.949,9.99,10.05,10.078,120
"OW444",330,9.811,9.95,9.99,10.05,10.078,120
"OW444",331,9.811,9.951,9.99,10.05,10.077,120
"OW444",332,9.811,9.95,9.99,10.05,10.077,120
"OW444",333,9.811,9.946,9.99,10.05,10.077,120
"OW444",334,9.811,9.94,9.991,10.047,10.077,120
"OW444",335,9.811,9.933,9.993,10.045,10.077,120
"OW444",336,9.811,9.926,9.993,10.042,10.077,120
"OW444",337,9.811,9.914,9.993,10.04,10.077,120
"OW444",338,9.811,9.897,9.993,10.038,10.077,120
"OW444",339,9.811,9.885,9.993,10.037,10.077,120
"OW444",340,9.81,9.884,9.993,10.034,10.077,120
"OW444",341,9.802,9.883,9.993,10.034,10.077,120
"OW444",342,9.798,9.882,9.993,10.033,10.077,120
"OW444",343,9.798,9.881,9.994,10.033,10.077,120
"OW444",344,9.795,9.879,9.996,10.033,10.077,120
"OW444",345,9.793,9.876,9.996,10.032,10.077,120
"OW444",346,9.793,9.873,9.998,10.032,10.078,120
"OW444",347,9.793,9.872,9.999,10.032,10.078,120
"OW444",348,9.793,9.871,10.001,10.032,10.079,120
"OW444",349,9.793,9.868,10.002,10.032,10.079,120
"OW444",350,9.793,9.867,10.003,10.032,10.079,120
"OW444",351,9.793,9.866,10.004,10.033,10.079,120
"OW444",352,9.793,9.865,10.004,10.033,10.079,120
"OW444",353,9.793,9.864,10.004,10.033,10.079,120
"OW444",354,9.793,9.863,10.004,10.032,10.079,120
"OW444",355,9.793,9.861,10.003,10.032,10.079,120
"OW444",356,9.789,9.863,10.003,10.031,10.08,120
"OW444",357,9.777,9.867,10.002,10.029,10.08,120
"OW444",358,9.768,9.869,10.001,10.028,10.081,120
"OW444",359,9.764,9.875,10.001,10.028,10.082,114
"OW444",360,9.757,9.88,9.999,10.027,10.082,114
"OW444",361,9.749,9.882,9.996,10.027,10.083,114
"OW444",362,9.739,9.886,9.993,10.027,10.084,114
"OW444",363,9.731,9.891,9.99,10.027,10.084,114
"OW444",364,9.723,9.893,9.987,10.027,10.084,114
"OW444",365,9.715,9.897,9.985,10.027,10.085,114
"OW444",366,9.708,9.9,9.982,10.025,10.086,114
